Watching for file changes with StatReloader
[10/Sep/2026 11:56:54] "POST /api/chat/ HTTP/1.1" 200 1007
[10/Sep/2026 17:16:32] "OPTIONS /api/health/ HTTP/1.1" 200 153
[10/Sep/2026 17:16:32] "OPTIONS /api/miso/subscription-key/ HTTP/1.1" 200 166
[10/Sep/2026 17:16:32] "GET /api/miso/subscription-key/ HTTP/1.1" 200 223
[10/Sep/2026 17:16:32] "GET /api/health/ HTTP/1.1" 200 59
[10/Sep/2026 17:16:59] "OPTIONS /api/miso/subscription-key/ HTTP/1.1" 200 166
[10/Sep/2026 17:16:59] "OPTIONS /api/health/ HTTP/1.1" 200 153
[10/Sep/2026 17:16:59] "GET /api/miso/subscription-key/ HTTP/1.1" 200 223
[10/Sep/2026 17:16:59] "GET /api/health/ HTTP/1.1" 200 59
[10/Sep/2026 17:17:12] "OPTIONS /api/chat/ HTTP/1.1" 200 151
[10/Sep/2026 17:17:13] "POST /api/chat/ HTTP/1.1" 200 5096
[10/Sep/2026 17:17:13] "OPTIONS /api/agent/sessions/ HTTP/1.1" 200 247
[10/Sep/2026 17:17:13] "GET /api/agent/sessions/ HTTP/1.1" 200 5803
[10/Sep/2026 17:17:21] "OPTIONS /api/chat/ HTTP/1.1" 200 151
[10/Sep/2026 17:17:22] "POST /api/chat/ HTTP/1.1" 200 5093
[10/Sep/2026 17:17:22] "OPTIONS /api/agent/sessions/ HTTP/1.1" 200 247
[10/Sep/2026 17:17:22] "GET /api/agent/sessions/ HTTP/1.1" 200 5791
[10/Sep/2026 17:17:24] "POST /api/chat/ HTTP/1.1" 200 4862
[10/Sep/2026 17:17:24] "GET /api/agent/sessions/ HTTP/1.1" 200 5823
[10/Sep/2026 17:17:25] "POST /api/chat/ HTTP/1.1" 200 818
[10/Sep/2026 17:17:25] "GET /api/agent/sessions/ HTTP/1.1" 200 5829
[10/Sep/2026 17:17:36] "OPTIONS /api/miso/subscription-key/ HTTP/1.1" 200 166
[10/Sep/2026 17:17:36] "OPTIONS /api/health/ HTTP/1.1" 200 153
[10/Sep/2026 17:17:36] "OPTIONS /api/health/ HTTP/1.1" 200 153
[10/Sep/2026 17:17:36] "OPTIONS /api/miso/subscription-key/ HTTP/1.1" 200 166
[10/Sep/2026 17:17:36] "GET /api/health/ HTTP/1.1" 200 59
[10/Sep/2026 17:17:36] "GET /api/miso/subscription-key/ HTTP/1.1" 200 223
[10/Sep/2026 17:17:36] "GET /api/health/ HTTP/1.1" 200 59
[10/Sep/2026 17:17:36] "GET /api/miso/subscription-key/ HTTP/1.1" 200 223
[10/Sep/2026 17:17:46] "OPTIONS /api/chat/ HTTP/1.1" 200 151
[10/Sep/2026 17:17:47] "POST /api/chat/ HTTP/1.1" 200 5093
[10/Sep/2026 17:17:47] "OPTIONS /api/agent/sessions/ HTTP/1.1" 200 247
[10/Sep/2026 17:17:47] "GET /api/agent/sessions/ HTTP/1.1" 200 5828
[10/Sep/2026 17:17:49] "POST /api/chat/ HTTP/1.1" 200 4862
[10/Sep/2026 17:17:49] "GET /api/agent/sessions/ HTTP/1.1" 200 5860
[10/Sep/2026 17:17:51] "POST /api/chat/ HTTP/1.1" 200 818
[10/Sep/2026 17:17:51] "GET /api/agent/sessions/ HTTP/1.1" 200 5866
[10/Sep/2026 17:18:08] "POST /api/chat/ HTTP/1.1" 200 4724
[10/Sep/2026 17:18:08] "POST /api/chat/ HTTP/1.1" 200 818
[10/Sep/2026 17:18:08] "POST /api/chat/ HTTP/1.1" 200 805
[10/Sep/2026 17:18:08] "POST /api/chat/ HTTP/1.1" 200 775
[10/Sep/2026 17:18:08] "POST /api/chat/ HTTP/1.1" 200 227
[10/Sep/2026 17:18:08] "POST /api/chat/ HTTP/1.1" 200 794
C:\Projects\Circle City\mis-insight-2\miso-insight\backend\miso_agent\services\access_policy.py changed, reloading.
Watching for file changes with StatReloader
Bad Request: /api/chat/
[10/Sep/2026 17:20:12] "POST /api/chat/ HTTP/1.1" 400 33
Bad Request: /api/chat/
[10/Sep/2026 17:20:13] "POST /api/chat/ HTTP/1.1" 400 33
Bad Request: /api/chat/
[10/Sep/2026 17:20:13] "POST /api/chat/ HTTP/1.1" 400 33
Bad Request: /api/chat/
[10/Sep/2026 17:20:13] "POST /api/chat/ HTTP/1.1" 400 33
[10/Sep/2026 17:20:18] "POST /api/chat/ HTTP/1.1" 200 812
[10/Sep/2026 17:20:18] "POST /api/chat/ HTTP/1.1" 200 818
[10/Sep/2026 17:20:18] "POST /api/chat/ HTTP/1.1" 200 227
[10/Sep/2026 17:20:18] "POST /api/chat/ HTTP/1.1" 200 794
[10/Sep/2026 17:20:23] "OPTIONS /api/health/ HTTP/1.1" 200 153
[10/Sep/2026 17:20:23] "GET /api/health/ HTTP/1.1" 200 59
[10/Sep/2026 17:20:23] "OPTIONS /api/miso/subscription-key/ HTTP/1.1" 200 166
[10/Sep/2026 17:20:23] "GET /api/miso/subscription-key/ HTTP/1.1" 200 223
[10/Sep/2026 17:20:42] "OPTIONS /api/chat/ HTTP/1.1" 200 151
[10/Sep/2026 17:20:42] "POST /api/chat/ HTTP/1.1" 200 812
[10/Sep/2026 17:20:42] "OPTIONS /api/agent/sessions/ HTTP/1.1" 200 247
[10/Sep/2026 17:20:42] "GET /api/agent/sessions/ HTTP/1.1" 200 6032
C:\Projects\Circle City\mis-insight-2\miso-insight\backend\miso_agent\services\access_policy.py changed, reloading.
Watching for file changes with StatReloader
[10/Sep/2026 17:21:04] "OPTIONS /api/health/ HTTP/1.1" 200 153
[10/Sep/2026 17:21:04] "OPTIONS /api/miso/subscription-key/ HTTP/1.1" 200 166
[10/Sep/2026 17:21:04] "GET /api/miso/subscription-key/ HTTP/1.1" 200 223
[10/Sep/2026 17:21:04] "GET /api/health/ HTTP/1.1" 200 59
[10/Sep/2026 17:21:09] "OPTIONS /api/chat/ HTTP/1.1" 200 151
[10/Sep/2026 17:21:09] "POST /api/chat/ HTTP/1.1" 200 824
[10/Sep/2026 17:21:09] "OPTIONS /api/agent/sessions/ HTTP/1.1" 200 247
[10/Sep/2026 17:21:09] "GET /api/agent/sessions/ HTTP/1.1" 200 6026
[10/Sep/2026 17:21:17] "OPTIONS /api/chat/ HTTP/1.1" 200 151
[10/Sep/2026 17:21:17] "POST /api/chat/ HTTP/1.1" 200 830
[10/Sep/2026 17:21:17] "OPTIONS /api/agent/sessions/ HTTP/1.1" 200 247
[10/Sep/2026 17:21:17] "GET /api/agent/sessions/ HTTP/1.1" 200 6032
[10/Sep/2026 17:21:18] "POST /api/chat/ HTTP/1.1" 200 817
[10/Sep/2026 17:21:18] "GET /api/agent/sessions/ HTTP/1.1" 200 6019
[10/Sep/2026 17:21:19] "POST /api/chat/ HTTP/1.1" 200 789
[10/Sep/2026 17:21:19] "GET /api/agent/sessions/ HTTP/1.1" 200 6018
[10/Sep/2026 17:21:21] "POST /api/chat/ HTTP/1.1" 200 510
[10/Sep/2026 17:21:21] "GET /api/agent/sessions/ HTTP/1.1" 200 6011
[10/Sep/2026 17:21:21] "POST /api/chat/ HTTP/1.1" 200 806
[10/Sep/2026 17:21:21] "GET /api/agent/sessions/ HTTP/1.1" 200 6022
[10/Sep/2026 17:21:22] "POST /api/chat/ HTTP/1.1" 200 797
[10/Sep/2026 17:21:22] "GET /api/agent/sessions/ HTTP/1.1" 200 6000
[10/Sep/2026 17:21:23] "OPTIONS /api/chat/ HTTP/1.1" 200 151
[10/Sep/2026 17:21:23] "POST /api/chat/ HTTP/1.1" 200 821
[10/Sep/2026 17:21:23] "OPTIONS /api/agent/sessions/ HTTP/1.1" 200 247
[10/Sep/2026 17:21:23] "GET /api/agent/sessions/ HTTP/1.1" 200 6051
C:\Projects\Circle City\mis-insight-2\miso-insight\backend\miso_agent\services\access_policy.py changed, reloading.
Watching for file changes with StatReloader
[10/Sep/2026 17:21:43] "POST /api/chat/ HTTP/1.1" 200 954
[10/Sep/2026 17:21:45] "OPTIONS /api/chat/ HTTP/1.1" 200 151
[10/Sep/2026 17:21:47] "POST /api/chat/ HTTP/1.1" 200 1060
[10/Sep/2026 17:21:47] "OPTIONS /api/agent/sessions/ HTTP/1.1" 200 247
[10/Sep/2026 17:21:47] "GET /api/agent/sessions/ HTTP/1.1" 200 6019
[10/Sep/2026 17:27:37] "OPTIONS /api/health/ HTTP/1.1" 200 153
[10/Sep/2026 17:27:37] "GET /api/health/ HTTP/1.1" 200 59
[10/Sep/2026 17:27:37] "OPTIONS /api/miso/subscription-key/ HTTP/1.1" 200 166
[10/Sep/2026 17:27:37] "GET /api/miso/subscription-key/ HTTP/1.1" 200 223
[10/Sep/2026 17:27:43] "OPTIONS /api/chat/ HTTP/1.1" 200 151
[10/Sep/2026 17:27:44] "POST /api/chat/ HTTP/1.1" 200 5096
[10/Sep/2026 17:27:44] "OPTIONS /api/agent/sessions/ HTTP/1.1" 200 247
[10/Sep/2026 17:27:44] "GET /api/agent/sessions/ HTTP/1.1" 200 6047
[10/Sep/2026 17:27:46] "POST /api/chat/ HTTP/1.1" 200 971
[10/Sep/2026 17:27:46] "GET /api/agent/sessions/ HTTP/1.1" 200 6040
[10/Sep/2026 17:28:51] "OPTIONS /api/health/ HTTP/1.1" 200 153
[10/Sep/2026 17:28:51] "OPTIONS /api/miso/subscription-key/ HTTP/1.1" 200 166
[10/Sep/2026 17:28:51] "GET /api/health/ HTTP/1.1" 200 59
[10/Sep/2026 17:28:51] "GET /api/miso/subscription-key/ HTTP/1.1" 200 223
C:\Projects\Circle City\mis-insight-2\miso-insight\backend\miso_agent\services\catalog.py changed, reloading.
Watching for file changes with StatReloader
C:\Projects\Circle City\mis-insight-2\miso-insight\backend\miso_agent\services\miso_client.py changed, reloading.
Watching for file changes with StatReloader
C:\Projects\Circle City\mis-insight-2\miso-insight\backend\miso_agent\services\access_policy.py changed, reloading.
Watching for file changes with StatReloader
[10/Sep/2026 17:38:29] "POST /api/chat/ HTTP/1.1" 200 429000
C:\Projects\Circle City\mis-insight-2\miso-insight\backend\miso_agent\services\agent.py changed, reloading.
Watching for file changes with StatReloader
[10/Sep/2026 17:38:48] "POST /api/chat/ HTTP/1.1" 200 428986
[10/Sep/2026 17:38:58] "OPTIONS /api/health/ HTTP/1.1" 200 153
[10/Sep/2026 17:38:58] "OPTIONS /api/miso/subscription-key/ HTTP/1.1" 200 166
[10/Sep/2026 17:38:58] "GET /api/health/ HTTP/1.1" 200 59
[10/Sep/2026 17:38:58] "GET /api/miso/subscription-key/ HTTP/1.1" 200 223
[10/Sep/2026 17:39:02] "OPTIONS /api/chat/ HTTP/1.1" 200 151
[10/Sep/2026 17:39:03] "POST /api/chat/ HTTP/1.1" 200 428986
[10/Sep/2026 17:39:03] "OPTIONS /api/agent/sessions/ HTTP/1.1" 200 247
[10/Sep/2026 17:39:03] "GET /api/agent/sessions/ HTTP/1.1" 200 6183
[10/Sep/2026 17:40:25] "OPTIONS /api/health/ HTTP/1.1" 200 153
[10/Sep/2026 17:40:25] "OPTIONS /api/miso/subscription-key/ HTTP/1.1" 200 166
[10/Sep/2026 17:40:25] "GET /api/health/ HTTP/1.1" 200 59
[10/Sep/2026 17:40:25] "GET /api/miso/subscription-key/ HTTP/1.1" 200 223
[10/Sep/2026 17:42:42] "OPTIONS /api/health/ HTTP/1.1" 200 153
[10/Sep/2026 17:42:42] "OPTIONS /api/miso/subscription-key/ HTTP/1.1" 200 166
[10/Sep/2026 17:42:42] "GET /api/miso/subscription-key/ HTTP/1.1" 200 223
[10/Sep/2026 17:42:42] "GET /api/health/ HTTP/1.1" 200 59
[10/Sep/2026 17:46:01] "OPTIONS /api/chat/ HTTP/1.1" 200 151
[10/Sep/2026 17:46:02] "POST /api/chat/ HTTP/1.1" 200 4982
[10/Sep/2026 17:46:02] "OPTIONS /api/agent/sessions/ HTTP/1.1" 200 247
[10/Sep/2026 17:46:02] "GET /api/agent/sessions/ HTTP/1.1" 200 6205
[10/Sep/2026 17:46:46] "OPTIONS /api/chat/ HTTP/1.1" 200 151
[10/Sep/2026 17:46:46] "POST /api/chat/ HTTP/1.1" 200 510
[10/Sep/2026 17:46:46] "OPTIONS /api/agent/sessions/ HTTP/1.1" 200 247
[10/Sep/2026 17:46:46] "GET /api/agent/sessions/ HTTP/1.1" 200 6245
[10/Sep/2026 17:47:48] "OPTIONS /api/chat/ HTTP/1.1" 200 151
[10/Sep/2026 17:47:49] "POST /api/chat/ HTTP/1.1" 200 913
[10/Sep/2026 17:47:49] "OPTIONS /api/agent/sessions/ HTTP/1.1" 200 247
[10/Sep/2026 17:47:49] "GET /api/agent/sessions/ HTTP/1.1" 200 6182
[10/Sep/2026 17:47:57] "OPTIONS /api/chat/ HTTP/1.1" 200 151
[10/Sep/2026 17:47:59] "POST /api/chat/ HTTP/1.1" 200 835
[10/Sep/2026 17:47:59] "OPTIONS /api/agent/sessions/ HTTP/1.1" 200 247
[10/Sep/2026 17:47:59] "GET /api/agent/sessions/ HTTP/1.1" 200 6191
[10/Sep/2026 17:48:14] "OPTIONS /api/health/ HTTP/1.1" 200 153
[10/Sep/2026 17:48:14] "OPTIONS /api/miso/subscription-key/ HTTP/1.1" 200 166
[10/Sep/2026 17:48:14] "GET /api/health/ HTTP/1.1" 200 59
[10/Sep/2026 17:48:14] "GET /api/miso/subscription-key/ HTTP/1.1" 200 223
[10/Sep/2026 17:48:16] "OPTIONS /api/chat/ HTTP/1.1" 200 151
[10/Sep/2026 17:48:17] "POST /api/chat/ HTTP/1.1" 200 428967
[10/Sep/2026 17:48:17] "OPTIONS /api/agent/sessions/ HTTP/1.1" 200 247
[10/Sep/2026 17:48:17] "GET /api/agent/sessions/ HTTP/1.1" 200 6238
[10/Sep/2026 17:49:57] "OPTIONS /api/health/ HTTP/1.1" 200 153
[10/Sep/2026 17:49:57] "OPTIONS /api/miso/subscription-key/ HTTP/1.1" 200 166
[10/Sep/2026 17:49:57] "GET /api/health/ HTTP/1.1" 200 59
[10/Sep/2026 17:49:57] "GET /api/miso/subscription-key/ HTTP/1.1" 200 223
[10/Sep/2026 17:50:35] "OPTIONS /api/chat/ HTTP/1.1" 200 151
[10/Sep/2026 17:50:36] "POST /api/chat/ HTTP/1.1" 200 907
[10/Sep/2026 17:50:36] "OPTIONS /api/agent/sessions/ HTTP/1.1" 200 247
[10/Sep/2026 17:50:37] "GET /api/agent/sessions/ HTTP/1.1" 200 6245
[10/Sep/2026 17:52:14] "OPTIONS /api/miso/subscription-key/ HTTP/1.1" 200 166
[10/Sep/2026 17:52:14] "OPTIONS /api/health/ HTTP/1.1" 200 153
[10/Sep/2026 17:52:14] "GET /api/health/ HTTP/1.1" 200 59
[10/Sep/2026 17:52:14] "GET /api/miso/subscription-key/ HTTP/1.1" 200 223
[10/Sep/2026 17:52:33] "OPTIONS /api/miso/subscription-key/ HTTP/1.1" 200 166
[10/Sep/2026 17:52:33] "OPTIONS /api/health/ HTTP/1.1" 200 153
[10/Sep/2026 17:52:33] "GET /api/miso/subscription-key/ HTTP/1.1" 200 223
[10/Sep/2026 17:52:33] "GET /api/health/ HTTP/1.1" 200 59
[10/Sep/2026 18:48:10] "OPTIONS /api/chat/ HTTP/1.1" 200 151
[10/Sep/2026 18:48:12] "POST /api/chat/ HTTP/1.1" 200 992
[10/Sep/2026 18:48:12] "OPTIONS /api/agent/sessions/ HTTP/1.1" 200 247
[10/Sep/2026 18:48:12] "GET /api/agent/sessions/ HTTP/1.1" 200 6252
[10/Sep/2026 18:48:51] "OPTIONS /api/health/ HTTP/1.1" 200 153
[10/Sep/2026 18:48:51] "OPTIONS /api/miso/subscription-key/ HTTP/1.1" 200 166
[10/Sep/2026 18:48:51] "GET /api/miso/subscription-key/ HTTP/1.1" 200 223
[10/Sep/2026 18:48:51] "OPTIONS /api/health/ HTTP/1.1" 200 153
[10/Sep/2026 18:48:51] "OPTIONS /api/miso/subscription-key/ HTTP/1.1" 200 166
[10/Sep/2026 18:48:51] "GET /api/health/ HTTP/1.1" 200 59
[10/Sep/2026 18:48:51,126] - Broken pipe from ('127.0.0.1', 49243)
[10/Sep/2026 18:48:51] "GET /api/health/ HTTP/1.1" 200 59
[10/Sep/2026 18:48:51] "GET /api/miso/subscription-key/ HTTP/1.1" 200 223
[10/Sep/2026 18:48:52] "OPTIONS /api/agent/sessions/ HTTP/1.1" 200 247
[10/Sep/2026 18:48:52] "GET /api/agent/sessions/ HTTP/1.1" 200 6252
[10/Sep/2026 18:49:08] "OPTIONS /api/chat/ HTTP/1.1" 200 151
[10/Sep/2026 18:49:09] "POST /api/chat/ HTTP/1.1" 200 904
[10/Sep/2026 18:49:09] "OPTIONS /api/agent/sessions/ HTTP/1.1" 200 247
[10/Sep/2026 18:49:09] "GET /api/agent/sessions/ HTTP/1.1" 200 6271
C:\Projects\Circle City\mis-insight-2\miso-insight\backend\miso_agent\services\access_policy.py changed, reloading.
Watching for file changes with StatReloader
C:\Projects\Circle City\mis-insight-2\miso-insight\backend\miso_agent\services\agent.py changed, reloading.
Watching for file changes with StatReloader
C:\Projects\Circle City\mis-insight-2\miso-insight\backend\miso_agent\services\agent.py changed, reloading.
Watching for file changes with StatReloader
[10/Sep/2026 18:51:33] "POST /api/chat/ HTTP/1.1" 200 1089
[10/Sep/2026 18:51:35] "POST /api/chat/ HTTP/1.1" 200 424051
[10/Sep/2026 18:51:35] "POST /api/chat/ HTTP/1.1" 200 865
[10/Sep/2026 18:51:49] "OPTIONS /api/health/ HTTP/1.1" 200 153
[10/Sep/2026 18:51:49] "OPTIONS /api/miso/subscription-key/ HTTP/1.1" 200 166
[10/Sep/2026 18:51:49] "GET /api/health/ HTTP/1.1" 200 59
[10/Sep/2026 18:51:49] "GET /api/miso/subscription-key/ HTTP/1.1" 200 223
[10/Sep/2026 18:51:52] "OPTIONS /api/chat/ HTTP/1.1" 200 151
[10/Sep/2026 18:51:53] "POST /api/chat/ HTTP/1.1" 200 1107
[10/Sep/2026 18:51:53] "OPTIONS /api/agent/sessions/ HTTP/1.1" 200 247
[10/Sep/2026 18:51:54] "GET /api/agent/sessions/ HTTP/1.1" 200 6355
C:\Projects\Circle City\mis-insight-2\miso-insight\backend\miso_agent\services\agent.py changed, reloading.
Watching for file changes with StatReloader
C:\Projects\Circle City\mis-insight-2\miso-insight\backend\miso_agent\services\agent.py changed, reloading.
Watching for file changes with StatReloader
[10/Sep/2026 19:08:57] "OPTIONS /api/health/ HTTP/1.1" 200 153
[10/Sep/2026 19:08:57] "OPTIONS /api/miso/subscription-key/ HTTP/1.1" 200 166
[10/Sep/2026 19:08:57] "GET /api/health/ HTTP/1.1" 200 59
[10/Sep/2026 19:08:57] "GET /api/miso/subscription-key/ HTTP/1.1" 200 223
[10/Sep/2026 19:08:58] "OPTIONS /api/chat/ HTTP/1.1" 200 151
[10/Sep/2026 19:09:00] "POST /api/chat/ HTTP/1.1" 200 1544
[10/Sep/2026 19:09:00] "OPTIONS /api/agent/sessions/ HTTP/1.1" 200 247
[10/Sep/2026 19:09:00] "GET /api/agent/sessions/ HTTP/1.1" 200 6498
C:\Projects\Circle City\mis-insight-2\miso-insight\backend\miso_agent\services\tariff_grounding.py changed, reloading.
Watching for file changes with StatReloader
[10/Sep/2026 19:10:11] "OPTIONS /api/health/ HTTP/1.1" 200 153
[10/Sep/2026 19:10:11] "OPTIONS /api/miso/subscription-key/ HTTP/1.1" 200 166
[10/Sep/2026 19:10:11] "GET /api/health/ HTTP/1.1" 200 59
[10/Sep/2026 19:10:11] "GET /api/miso/subscription-key/ HTTP/1.1" 200 223
[10/Sep/2026 19:10:12] "OPTIONS /api/chat/ HTTP/1.1" 200 151
[10/Sep/2026 19:10:14] "POST /api/chat/ HTTP/1.1" 200 1572
[10/Sep/2026 19:10:14] "OPTIONS /api/agent/sessions/ HTTP/1.1" 200 247
[10/Sep/2026 19:10:14] "GET /api/agent/sessions/ HTTP/1.1" 200 6640
[10/Sep/2026 19:10:21] "OPTIONS /api/chat/ HTTP/1.1" 200 151
[10/Sep/2026 19:10:23] "POST /api/chat/ HTTP/1.1" 200 1416
[10/Sep/2026 19:10:23] "OPTIONS /api/agent/sessions/ HTTP/1.1" 200 247
[10/Sep/2026 19:10:23] "GET /api/agent/sessions/ HTTP/1.1" 200 6641
[10/Sep/2026 19:10:40] "OPTIONS /api/chat/ HTTP/1.1" 200 151
[10/Sep/2026 19:10:41] "POST /api/chat/ HTTP/1.1" 200 603
[10/Sep/2026 19:10:41] "OPTIONS /api/agent/sessions/ HTTP/1.1" 200 247
[10/Sep/2026 19:10:41] "GET /api/agent/sessions/ HTTP/1.1" 200 6517
[10/Sep/2026 19:11:26] "OPTIONS /api/chat/ HTTP/1.1" 200 151
[10/Sep/2026 19:11:26] "POST /api/chat/ HTTP/1.1" 200 877
[10/Sep/2026 19:11:26] "OPTIONS /api/agent/sessions/ HTTP/1.1" 200 247
[10/Sep/2026 19:11:26] "GET /api/agent/sessions/ HTTP/1.1" 200 6533
[10/Sep/2026 19:11:56] "OPTIONS /api/chat/ HTTP/1.1" 200 151
[10/Sep/2026 19:11:57] "POST /api/chat/ HTTP/1.1" 200 603
[10/Sep/2026 19:11:57] "OPTIONS /api/agent/sessions/ HTTP/1.1" 200 247
[10/Sep/2026 19:11:57] "GET /api/agent/sessions/ HTTP/1.1" 200 6548
[10/Sep/2026 19:12:46] "OPTIONS /api/chat/ HTTP/1.1" 200 151
[10/Sep/2026 19:12:48] "POST /api/chat/ HTTP/1.1" 200 1052
[10/Sep/2026 19:12:48] "OPTIONS /api/agent/sessions/ HTTP/1.1" 200 247
[10/Sep/2026 19:12:48] "GET /api/agent/sessions/ HTTP/1.1" 200 6536
C:\Projects\Circle City\mis-insight-2\miso-insight\backend\miso_agent\services\agent.py changed, reloading.
Watching for file changes with StatReloader
C:\Projects\Circle City\mis-insight-2\miso-insight\backend\miso_agent\services\resolver.py changed, reloading.
Watching for file changes with StatReloader
[10/Sep/2026 19:15:23] "OPTIONS /api/health/ HTTP/1.1" 200 153
[10/Sep/2026 19:15:23] "OPTIONS /api/miso/subscription-key/ HTTP/1.1" 200 166
[10/Sep/2026 19:15:23] "GET /api/health/ HTTP/1.1" 200 59
[10/Sep/2026 19:15:23] "GET /api/miso/subscription-key/ HTTP/1.1" 200 223
[10/Sep/2026 19:15:32] "OPTIONS /api/chat/ HTTP/1.1" 200 151
[10/Sep/2026 19:15:33] "POST /api/chat/ HTTP/1.1" 200 560
[10/Sep/2026 19:15:33] "OPTIONS /api/agent/sessions/ HTTP/1.1" 200 247
[10/Sep/2026 19:15:33] "GET /api/agent/sessions/ HTTP/1.1" 200 6519
[10/Sep/2026 19:15:51] "OPTIONS /api/chat/ HTTP/1.1" 200 151
[10/Sep/2026 19:15:51] "POST /api/chat/ HTTP/1.1" 200 560
[10/Sep/2026 19:15:51] "OPTIONS /api/agent/sessions/ HTTP/1.1" 200 247
[10/Sep/2026 19:15:51] "GET /api/agent/sessions/ HTTP/1.1" 200 6545
C:\Projects\Circle City\mis-insight-2\miso-insight\backend\miso_agent\services\access_policy.py changed, reloading.
Watching for file changes with StatReloader
[10/Sep/2026 19:16:40] "OPTIONS /api/health/ HTTP/1.1" 200 153
[10/Sep/2026 19:16:40] "OPTIONS /api/miso/subscription-key/ HTTP/1.1" 200 166
[10/Sep/2026 19:16:40] "GET /api/health/ HTTP/1.1" 200 59
[10/Sep/2026 19:16:40] "GET /api/miso/subscription-key/ HTTP/1.1" 200 223
[10/Sep/2026 19:16:43] "OPTIONS /api/chat/ HTTP/1.1" 200 151
[10/Sep/2026 19:16:43] "POST /api/chat/ HTTP/1.1" 200 1143
[10/Sep/2026 19:16:43] "OPTIONS /api/agent/sessions/ HTTP/1.1" 200 247
[10/Sep/2026 19:16:43] "GET /api/agent/sessions/ HTTP/1.1" 200 6554
C:\Projects\Circle City\mis-insight-2\miso-insight\backend\miso_agent\services\access_policy.py changed, reloading.
Watching for file changes with StatReloader
[10/Sep/2026 19:17:45] "OPTIONS /api/chat/ HTTP/1.1" 200 151
[10/Sep/2026 19:17:45] "POST /api/chat/ HTTP/1.1" 200 1121
[10/Sep/2026 19:17:45] "OPTIONS /api/agent/sessions/ HTTP/1.1" 200 247
[10/Sep/2026 19:17:45] "GET /api/agent/sessions/ HTTP/1.1" 200 6554
[10/Sep/2026 19:17:56] "OPTIONS /api/chat/ HTTP/1.1" 200 151
[10/Sep/2026 19:17:57] "POST /api/chat/ HTTP/1.1" 200 423948
[10/Sep/2026 19:17:57] "OPTIONS /api/agent/sessions/ HTTP/1.1" 200 247
[10/Sep/2026 19:17:57] "GET /api/agent/sessions/ HTTP/1.1" 200 6519
C:\Projects\Circle City\mis-insight-2\miso-insight\backend\miso_agent\services\tariff_grounding.py changed, reloading.
Watching for file changes with StatReloader
[10/Sep/2026 20:00:01] "OPTIONS /api/chat/ HTTP/1.1" 200 151
[10/Sep/2026 20:00:02] "POST /api/chat/ HTTP/1.1" 200 429141
[10/Sep/2026 20:00:02] "OPTIONS /api/agent/sessions/ HTTP/1.1" 200 247
[10/Sep/2026 20:00:02] "GET /api/agent/sessions/ HTTP/1.1" 200 6519
[10/Sep/2026 20:00:04] "OPTIONS /api/health/ HTTP/1.1" 200 153
[10/Sep/2026 20:00:04] "OPTIONS /api/miso/subscription-key/ HTTP/1.1" 200 166
[10/Sep/2026 20:00:04] "GET /api/health/ HTTP/1.1" 200 59
[10/Sep/2026 20:00:04] "GET /api/miso/subscription-key/ HTTP/1.1" 200 223
[10/Sep/2026 20:00:09] "OPTIONS /api/chat/ HTTP/1.1" 200 151
[10/Sep/2026 20:00:10] "POST /api/chat/ HTTP/1.1" 200 429141
[10/Sep/2026 20:00:10] "OPTIONS /api/agent/sessions/ HTTP/1.1" 200 247
[10/Sep/2026 20:00:10] "GET /api/agent/sessions/ HTTP/1.1" 200 6498
[10/Sep/2026 20:00:19] "OPTIONS /api/chat/ HTTP/1.1" 200 151
[10/Sep/2026 20:00:19] "POST /api/chat/ HTTP/1.1" 200 1272
[10/Sep/2026 20:00:19] "OPTIONS /api/agent/sessions/ HTTP/1.1" 200 247
[10/Sep/2026 20:00:19] "GET /api/agent/sessions/ HTTP/1.1" 200 6505
[10/Sep/2026 20:00:32] "OPTIONS /api/chat/ HTTP/1.1" 200 151
[10/Sep/2026 20:00:32] "POST /api/chat/ HTTP/1.1" 200 1269
[10/Sep/2026 20:00:32] "OPTIONS /api/agent/sessions/ HTTP/1.1" 200 247
[10/Sep/2026 20:00:32] "GET /api/agent/sessions/ HTTP/1.1" 200 6502
C:\Projects\Circle City\mis-insight-2\miso-insight\backend\miso_agent\services\access_policy.py changed, reloading.
Watching for file changes with StatReloader
C:\Projects\Circle City\mis-insight-2\miso-insight\backend\miso_agent\services\resolver.py changed, reloading.
Watching for file changes with StatReloader
C:\Projects\Circle City\mis-insight-2\miso-insight\backend\miso_agent\services\access_policy.py changed, reloading.
Watching for file changes with StatReloader
C:\Projects\Circle City\mis-insight-2\miso-insight\backend\miso_agent\services\resolver.py changed, reloading.
Watching for file changes with StatReloader
C:\Projects\Circle City\mis-insight-2\miso-insight\backend\miso_agent\services\resolver.py changed, reloading.
Watching for file changes with StatReloader
C:\Projects\Circle City\mis-insight-2\miso-insight\backend\miso_agent\services\agent.py changed, reloading.
Watching for file changes with StatReloader
[10/Sep/2026 20:03:14] "OPTIONS /api/health/ HTTP/1.1" 200 153
[10/Sep/2026 20:03:14] "OPTIONS /api/miso/subscription-key/ HTTP/1.1" 200 166
[10/Sep/2026 20:03:14] "GET /api/miso/subscription-key/ HTTP/1.1" 200 223
[10/Sep/2026 20:03:14] "GET /api/health/ HTTP/1.1" 200 59
[10/Sep/2026 20:03:36] "OPTIONS /api/health/ HTTP/1.1" 200 153
[10/Sep/2026 20:03:36] "OPTIONS /api/miso/subscription-key/ HTTP/1.1" 200 166
[10/Sep/2026 20:03:36] "GET /api/health/ HTTP/1.1" 200 59
[10/Sep/2026 20:03:36] "GET /api/miso/subscription-key/ HTTP/1.1" 200 223
[10/Sep/2026 20:03:37] "OPTIONS /api/chat/ HTTP/1.1" 200 151
[10/Sep/2026 20:03:39] "POST /api/chat/ HTTP/1.1" 200 993
[10/Sep/2026 20:03:39] "OPTIONS /api/agent/sessions/ HTTP/1.1" 200 247
[10/Sep/2026 20:03:39] "GET /api/agent/sessions/ HTTP/1.1" 200 6455
[10/Sep/2026 20:03:47] "OPTIONS /api/chat/ HTTP/1.1" 200 151
[10/Sep/2026 20:03:48] "POST /api/chat/ HTTP/1.1" 200 1356
[10/Sep/2026 20:03:48] "OPTIONS /api/agent/sessions/ HTTP/1.1" 200 247
[10/Sep/2026 20:03:48] "GET /api/agent/sessions/ HTTP/1.1" 200 6465
C:\Projects\Circle City\mis-insight-2\miso-insight\backend\miso_agent\services\resolver.py changed, reloading.
Watching for file changes with StatReloader
[10/Sep/2026 20:04:26] "OPTIONS /api/miso/subscription-key/ HTTP/1.1" 200 166
[10/Sep/2026 20:04:26] "OPTIONS /api/health/ HTTP/1.1" 200 153
[10/Sep/2026 20:04:26] "GET /api/miso/subscription-key/ HTTP/1.1" 200 223
[10/Sep/2026 20:04:26] "GET /api/health/ HTTP/1.1" 200 59
[10/Sep/2026 20:04:32] "OPTIONS /api/chat/ HTTP/1.1" 200 151
[10/Sep/2026 20:04:33] "POST /api/chat/ HTTP/1.1" 200 1408
[10/Sep/2026 20:04:33] "OPTIONS /api/agent/sessions/ HTTP/1.1" 200 247
[10/Sep/2026 20:04:33] "GET /api/agent/sessions/ HTTP/1.1" 200 6441
C:\Projects\Circle City\mis-insight-2\miso-insight\backend\miso_agent\views.py changed, reloading.
Watching for file changes with StatReloader
C:\Projects\Circle City\mis-insight-2\miso-insight\backend\miso_agent\urls.py changed, reloading.
Watching for file changes with StatReloader
C:\Projects\Circle City\mis-insight-2\miso-insight\backend\miso_agent\services\tariff_grounding.py changed, reloading.
Watching for file changes with StatReloader
[10/Sep/2026 20:05:28] "OPTIONS /api/miso/subscription-key/ HTTP/1.1" 200 166
[10/Sep/2026 20:05:28] "OPTIONS /api/health/ HTTP/1.1" 200 153
[10/Sep/2026 20:05:28] "GET /api/miso/subscription-key/ HTTP/1.1" 200 223
[10/Sep/2026 20:05:28] "GET /api/health/ HTTP/1.1" 200 59
[10/Sep/2026 20:05:35] "OPTIONS /api/chat/ HTTP/1.1" 200 151
[10/Sep/2026 20:05:36] "POST /api/chat/ HTTP/1.1" 200 1339
[10/Sep/2026 20:05:36] "OPTIONS /api/agent/sessions/ HTTP/1.1" 200 247
[10/Sep/2026 20:05:36] "GET /api/agent/sessions/ HTTP/1.1" 200 6420
Not Found: /favicon.ico
[10/Sep/2026 20:05:38] "GET /favicon.ico HTTP/1.1" 404 2212
[10/Sep/2026 20:05:39] "GET /api/tariff/pdf/ HTTP/1.1" 200 98968625
[10/Sep/2026 20:05:55] "OPTIONS /api/chat/ HTTP/1.1" 200 151
[10/Sep/2026 20:05:56] "POST /api/chat/ HTTP/1.1" 200 5189
[10/Sep/2026 20:05:56] "OPTIONS /api/agent/sessions/ HTTP/1.1" 200 247
[10/Sep/2026 20:05:56] "GET /api/agent/sessions/ HTTP/1.1" 200 6431
[10/Sep/2026 20:06:09] "OPTIONS /api/chat/ HTTP/1.1" 200 151
[10/Sep/2026 20:06:10] "POST /api/chat/ HTTP/1.1" 200 5246
[10/Sep/2026 20:06:10] "OPTIONS /api/agent/sessions/ HTTP/1.1" 200 247
[10/Sep/2026 20:06:10] "GET /api/agent/sessions/ HTTP/1.1" 200 6431
[10/Sep/2026 20:06:23] "OPTIONS /api/chat/ HTTP/1.1" 200 151
[10/Sep/2026 20:06:24] "POST /api/chat/ HTTP/1.1" 200 424348
[10/Sep/2026 20:06:24] "OPTIONS /api/agent/sessions/ HTTP/1.1" 200 247
[10/Sep/2026 20:06:24] "GET /api/agent/sessions/ HTTP/1.1" 200 6457
[10/Sep/2026 20:07:30] "OPTIONS /api/chat/ HTTP/1.1" 200 151
[10/Sep/2026 20:07:31] "POST /api/chat/ HTTP/1.1" 200 2895
[10/Sep/2026 20:07:31] "OPTIONS /api/agent/sessions/ HTTP/1.1" 200 247
[10/Sep/2026 20:07:31] "GET /api/agent/sessions/ HTTP/1.1" 200 6453
C:\Projects\Circle City\mis-insight-2\miso-insight\backend\miso_agent\services\agent.py changed, reloading.
Watching for file changes with StatReloader
[10/Sep/2026 20:07:44] "OPTIONS /api/chat/ HTTP/1.1" 200 151
[10/Sep/2026 20:07:44] "POST /api/chat/ HTTP/1.1" 200 3193
[10/Sep/2026 20:07:44] "OPTIONS /api/agent/sessions/ HTTP/1.1" 200 247
[10/Sep/2026 20:07:45] "OPTIONS /api/agent/handoffs/9f33c210-b46f-4dc2-a7c7-4da0353b1732/ HTTP/1.1" 200 161
[10/Sep/2026 20:07:45] "OPTIONS /api/agent/handoffs/9f33c210-b46f-4dc2-a7c7-4da0353b1732/ HTTP/1.1" 200 161
[10/Sep/2026 20:07:45] "GET /api/agent/handoffs/9f33c210-b46f-4dc2-a7c7-4da0353b1732/ HTTP/1.1" 200 119
[10/Sep/2026 20:07:45] "GET /api/agent/handoffs/9f33c210-b46f-4dc2-a7c7-4da0353b1732/ HTTP/1.1" 200 119
[10/Sep/2026 20:07:45] "GET /api/agent/sessions/ HTTP/1.1" 200 6440
[10/Sep/2026 20:07:47] "GET /api/agent/handoffs/9f33c210-b46f-4dc2-a7c7-4da0353b1732/ HTTP/1.1" 200 119
[10/Sep/2026 20:07:48] "GET /api/agent/handoffs/9f33c210-b46f-4dc2-a7c7-4da0353b1732/ HTTP/1.1" 200 119
[10/Sep/2026 20:07:49] "GET /api/agent/handoffs/9f33c210-b46f-4dc2-a7c7-4da0353b1732/ HTTP/1.1" 200 119
[10/Sep/2026 20:07:51] "OPTIONS /api/agent/handoffs/9f33c210-b46f-4dc2-a7c7-4da0353b1732/ HTTP/1.1" 200 161
[10/Sep/2026 20:07:51] "GET /api/agent/handoffs/9f33c210-b46f-4dc2-a7c7-4da0353b1732/ HTTP/1.1" 200 119
[10/Sep/2026 20:07:52] "GET /api/agent/handoffs/9f33c210-b46f-4dc2-a7c7-4da0353b1732/ HTTP/1.1" 200 119
[10/Sep/2026 20:07:54] "GET /api/agent/handoffs/9f33c210-b46f-4dc2-a7c7-4da0353b1732/ HTTP/1.1" 200 119
[10/Sep/2026 20:07:55] "GET /api/agent/handoffs/9f33c210-b46f-4dc2-a7c7-4da0353b1732/ HTTP/1.1" 200 119
[10/Sep/2026 20:07:57] "OPTIONS /api/agent/handoffs/9f33c210-b46f-4dc2-a7c7-4da0353b1732/ HTTP/1.1" 200 161
[10/Sep/2026 20:07:57] "GET /api/agent/handoffs/9f33c210-b46f-4dc2-a7c7-4da0353b1732/ HTTP/1.1" 200 119
C:\Projects\Circle City\mis-insight-2\miso-insight\backend\miso_agent\services\agent.py changed, reloading.
Watching for file changes with StatReloader
[10/Sep/2026 20:07:59] "GET /api/agent/handoffs/9f33c210-b46f-4dc2-a7c7-4da0353b1732/ HTTP/1.1" 200 119
[10/Sep/2026 20:08:00] "GET /api/agent/handoffs/9f33c210-b46f-4dc2-a7c7-4da0353b1732/ HTTP/1.1" 200 119
[10/Sep/2026 20:08:01] "GET /api/agent/handoffs/9f33c210-b46f-4dc2-a7c7-4da0353b1732/ HTTP/1.1" 200 119
[10/Sep/2026 20:08:03] "OPTIONS /api/agent/handoffs/9f33c210-b46f-4dc2-a7c7-4da0353b1732/ HTTP/1.1" 200 161
[10/Sep/2026 20:08:03] "GET /api/agent/handoffs/9f33c210-b46f-4dc2-a7c7-4da0353b1732/ HTTP/1.1" 200 119
[10/Sep/2026 20:08:04] "GET /api/agent/handoffs/9f33c210-b46f-4dc2-a7c7-4da0353b1732/ HTTP/1.1" 200 119
[10/Sep/2026 20:08:06] "GET /api/agent/handoffs/9f33c210-b46f-4dc2-a7c7-4da0353b1732/ HTTP/1.1" 200 119
[10/Sep/2026 20:08:07] "GET /api/agent/handoffs/9f33c210-b46f-4dc2-a7c7-4da0353b1732/ HTTP/1.1" 200 119
[10/Sep/2026 20:08:09] "OPTIONS /api/agent/handoffs/9f33c210-b46f-4dc2-a7c7-4da0353b1732/ HTTP/1.1" 200 161
[10/Sep/2026 20:08:09] "GET /api/agent/handoffs/9f33c210-b46f-4dc2-a7c7-4da0353b1732/ HTTP/1.1" 200 119
[10/Sep/2026 20:08:10] "GET /api/agent/handoffs/9f33c210-b46f-4dc2-a7c7-4da0353b1732/ HTTP/1.1" 200 119
[10/Sep/2026 20:08:12] "GET /api/agent/handoffs/9f33c210-b46f-4dc2-a7c7-4da0353b1732/ HTTP/1.1" 200 119
[10/Sep/2026 20:08:13] "GET /api/agent/handoffs/9f33c210-b46f-4dc2-a7c7-4da0353b1732/ HTTP/1.1" 200 119
[10/Sep/2026 20:08:15] "OPTIONS /api/agent/handoffs/9f33c210-b46f-4dc2-a7c7-4da0353b1732/ HTTP/1.1" 200 161
[10/Sep/2026 20:08:15] "GET /api/agent/handoffs/9f33c210-b46f-4dc2-a7c7-4da0353b1732/ HTTP/1.1" 200 119
[10/Sep/2026 20:08:16] "GET /api/agent/handoffs/9f33c210-b46f-4dc2-a7c7-4da0353b1732/ HTTP/1.1" 200 119
C:\Projects\Circle City\mis-insight-2\miso-insight\backend\miso_agent\services\agent.py changed, reloading.
Watching for file changes with StatReloader
[10/Sep/2026 20:08:18] "GET /api/agent/handoffs/9f33c210-b46f-4dc2-a7c7-4da0353b1732/ HTTP/1.1" 200 119
[10/Sep/2026 20:08:19] "GET /api/agent/handoffs/9f33c210-b46f-4dc2-a7c7-4da0353b1732/ HTTP/1.1" 200 119
[10/Sep/2026 20:08:21] "OPTIONS /api/agent/handoffs/9f33c210-b46f-4dc2-a7c7-4da0353b1732/ HTTP/1.1" 200 161
[10/Sep/2026 20:08:21] "GET /api/agent/handoffs/9f33c210-b46f-4dc2-a7c7-4da0353b1732/ HTTP/1.1" 200 119
[10/Sep/2026 20:08:22] "GET /api/agent/handoffs/9f33c210-b46f-4dc2-a7c7-4da0353b1732/ HTTP/1.1" 200 119
[10/Sep/2026 20:08:24] "GET /api/agent/handoffs/9f33c210-b46f-4dc2-a7c7-4da0353b1732/ HTTP/1.1" 200 119
[10/Sep/2026 20:08:25] "GET /api/agent/handoffs/9f33c210-b46f-4dc2-a7c7-4da0353b1732/ HTTP/1.1" 200 119
[10/Sep/2026 20:08:27] "OPTIONS /api/agent/handoffs/9f33c210-b46f-4dc2-a7c7-4da0353b1732/ HTTP/1.1" 200 161
[10/Sep/2026 20:08:27] "GET /api/agent/handoffs/9f33c210-b46f-4dc2-a7c7-4da0353b1732/ HTTP/1.1" 200 119
[10/Sep/2026 20:08:28] "GET /api/agent/handoffs/9f33c210-b46f-4dc2-a7c7-4da0353b1732/ HTTP/1.1" 200 119
[10/Sep/2026 20:08:30] "GET /api/agent/handoffs/9f33c210-b46f-4dc2-a7c7-4da0353b1732/ HTTP/1.1" 200 119
[10/Sep/2026 20:08:31] "GET /api/agent/handoffs/9f33c210-b46f-4dc2-a7c7-4da0353b1732/ HTTP/1.1" 200 119
[10/Sep/2026 20:08:33] "OPTIONS /api/agent/handoffs/9f33c210-b46f-4dc2-a7c7-4da0353b1732/ HTTP/1.1" 200 161
[10/Sep/2026 20:08:33] "GET /api/agent/handoffs/9f33c210-b46f-4dc2-a7c7-4da0353b1732/ HTTP/1.1" 200 119
[10/Sep/2026 20:08:34] "GET /api/agent/handoffs/9f33c210-b46f-4dc2-a7c7-4da0353b1732/ HTTP/1.1" 200 119
[10/Sep/2026 20:08:36] "GET /api/agent/handoffs/9f33c210-b46f-4dc2-a7c7-4da0353b1732/ HTTP/1.1" 200 119
[10/Sep/2026 20:08:37] "GET /api/agent/handoffs/9f33c210-b46f-4dc2-a7c7-4da0353b1732/ HTTP/1.1" 200 119
[10/Sep/2026 20:08:39] "OPTIONS /api/agent/handoffs/9f33c210-b46f-4dc2-a7c7-4da0353b1732/ HTTP/1.1" 200 161
[10/Sep/2026 20:08:39] "GET /api/agent/handoffs/9f33c210-b46f-4dc2-a7c7-4da0353b1732/ HTTP/1.1" 200 119
[10/Sep/2026 20:08:40] "GET /api/agent/handoffs/9f33c210-b46f-4dc2-a7c7-4da0353b1732/ HTTP/1.1" 200 119
[10/Sep/2026 20:08:42] "GET /api/agent/handoffs/9f33c210-b46f-4dc2-a7c7-4da0353b1732/ HTTP/1.1" 200 119
[10/Sep/2026 20:08:43] "GET /api/agent/handoffs/9f33c210-b46f-4dc2-a7c7-4da0353b1732/ HTTP/1.1" 200 119
[10/Sep/2026 20:08:45] "OPTIONS /api/agent/handoffs/9f33c210-b46f-4dc2-a7c7-4da0353b1732/ HTTP/1.1" 200 161
[10/Sep/2026 20:08:45] "GET /api/agent/handoffs/9f33c210-b46f-4dc2-a7c7-4da0353b1732/ HTTP/1.1" 200 119
[10/Sep/2026 20:08:46] "GET /api/agent/handoffs/9f33c210-b46f-4dc2-a7c7-4da0353b1732/ HTTP/1.1" 200 119
[10/Sep/2026 20:08:48] "GET /api/agent/handoffs/9f33c210-b46f-4dc2-a7c7-4da0353b1732/ HTTP/1.1" 200 119
[10/Sep/2026 20:08:49] "GET /api/agent/handoffs/9f33c210-b46f-4dc2-a7c7-4da0353b1732/ HTTP/1.1" 200 119
[10/Sep/2026 20:08:51] "OPTIONS /api/agent/handoffs/9f33c210-b46f-4dc2-a7c7-4da0353b1732/ HTTP/1.1" 200 161
[10/Sep/2026 20:08:51] "GET /api/agent/handoffs/9f33c210-b46f-4dc2-a7c7-4da0353b1732/ HTTP/1.1" 200 119
[10/Sep/2026 20:08:52] "GET /api/agent/handoffs/9f33c210-b46f-4dc2-a7c7-4da0353b1732/ HTTP/1.1" 200 119
[10/Sep/2026 20:08:54] "GET /api/agent/handoffs/9f33c210-b46f-4dc2-a7c7-4da0353b1732/ HTTP/1.1" 200 119
[10/Sep/2026 20:08:55] "GET /api/agent/handoffs/9f33c210-b46f-4dc2-a7c7-4da0353b1732/ HTTP/1.1" 200 119
[10/Sep/2026 20:08:57] "OPTIONS /api/agent/handoffs/9f33c210-b46f-4dc2-a7c7-4da0353b1732/ HTTP/1.1" 200 161
[10/Sep/2026 20:08:57] "GET /api/agent/handoffs/9f33c210-b46f-4dc2-a7c7-4da0353b1732/ HTTP/1.1" 200 119
[10/Sep/2026 20:08:58] "GET /api/agent/handoffs/9f33c210-b46f-4dc2-a7c7-4da0353b1732/ HTTP/1.1" 200 119
[10/Sep/2026 20:09:00] "GET /api/agent/handoffs/9f33c210-b46f-4dc2-a7c7-4da0353b1732/ HTTP/1.1" 200 119
[10/Sep/2026 20:09:02] "GET /api/agent/handoffs/9f33c210-b46f-4dc2-a7c7-4da0353b1732/ HTTP/1.1" 200 119
[10/Sep/2026 20:09:03] "OPTIONS /api/agent/handoffs/9f33c210-b46f-4dc2-a7c7-4da0353b1732/ HTTP/1.1" 200 161
[10/Sep/2026 20:09:03] "GET /api/agent/handoffs/9f33c210-b46f-4dc2-a7c7-4da0353b1732/ HTTP/1.1" 200 119
[10/Sep/2026 20:09:04] "GET /api/agent/handoffs/9f33c210-b46f-4dc2-a7c7-4da0353b1732/ HTTP/1.1" 200 119
[10/Sep/2026 20:09:06] "GET /api/agent/handoffs/9f33c210-b46f-4dc2-a7c7-4da0353b1732/ HTTP/1.1" 200 119
[10/Sep/2026 20:09:07] "GET /api/agent/handoffs/9f33c210-b46f-4dc2-a7c7-4da0353b1732/ HTTP/1.1" 200 119
[10/Sep/2026 20:09:09] "OPTIONS /api/agent/handoffs/9f33c210-b46f-4dc2-a7c7-4da0353b1732/ HTTP/1.1" 200 161
[10/Sep/2026 20:09:09] "GET /api/agent/handoffs/9f33c210-b46f-4dc2-a7c7-4da0353b1732/ HTTP/1.1" 200 119
[10/Sep/2026 20:09:10] "GET /api/agent/handoffs/9f33c210-b46f-4dc2-a7c7-4da0353b1732/ HTTP/1.1" 200 119
[10/Sep/2026 20:09:12] "GET /api/agent/handoffs/9f33c210-b46f-4dc2-a7c7-4da0353b1732/ HTTP/1.1" 200 119
[10/Sep/2026 20:09:13] "GET /api/agent/handoffs/9f33c210-b46f-4dc2-a7c7-4da0353b1732/ HTTP/1.1" 200 119
[10/Sep/2026 20:09:14] "OPTIONS /api/chat/ HTTP/1.1" 200 151
[10/Sep/2026 20:09:15] "OPTIONS /api/agent/handoffs/9f33c210-b46f-4dc2-a7c7-4da0353b1732/ HTTP/1.1" 200 161
[10/Sep/2026 20:09:15] "GET /api/agent/handoffs/9f33c210-b46f-4dc2-a7c7-4da0353b1732/ HTTP/1.1" 200 119
[10/Sep/2026 20:09:15] "POST /api/chat/ HTTP/1.1" 200 1030
[10/Sep/2026 20:09:15] "OPTIONS /api/agent/sessions/ HTTP/1.1" 200 247
[10/Sep/2026 20:09:15] "GET /api/agent/sessions/ HTTP/1.1" 200 6458
[10/Sep/2026 20:09:16] "GET /api/agent/handoffs/9f33c210-b46f-4dc2-a7c7-4da0353b1732/ HTTP/1.1" 200 119
[10/Sep/2026 20:09:18] "GET /api/agent/handoffs/9f33c210-b46f-4dc2-a7c7-4da0353b1732/ HTTP/1.1" 200 119
[10/Sep/2026 20:09:19] "GET /api/agent/handoffs/9f33c210-b46f-4dc2-a7c7-4da0353b1732/ HTTP/1.1" 200 119
[10/Sep/2026 20:09:21] "OPTIONS /api/agent/handoffs/9f33c210-b46f-4dc2-a7c7-4da0353b1732/ HTTP/1.1" 200 161
[10/Sep/2026 20:09:21] "GET /api/agent/handoffs/9f33c210-b46f-4dc2-a7c7-4da0353b1732/ HTTP/1.1" 200 119
[10/Sep/2026 20:09:22] "GET /api/agent/handoffs/9f33c210-b46f-4dc2-a7c7-4da0353b1732/ HTTP/1.1" 200 119
[10/Sep/2026 20:09:24] "GET /api/agent/handoffs/9f33c210-b46f-4dc2-a7c7-4da0353b1732/ HTTP/1.1" 200 119
[10/Sep/2026 20:09:25] "GET /api/agent/handoffs/9f33c210-b46f-4dc2-a7c7-4da0353b1732/ HTTP/1.1" 200 119
[10/Sep/2026 20:09:27] "OPTIONS /api/agent/handoffs/9f33c210-b46f-4dc2-a7c7-4da0353b1732/ HTTP/1.1" 200 161
[10/Sep/2026 20:09:27] "GET /api/agent/handoffs/9f33c210-b46f-4dc2-a7c7-4da0353b1732/ HTTP/1.1" 200 119
[10/Sep/2026 20:09:28] "GET /api/agent/handoffs/9f33c210-b46f-4dc2-a7c7-4da0353b1732/ HTTP/1.1" 200 119
[10/Sep/2026 20:09:28] "OPTIONS /api/chat/ HTTP/1.1" 200 151
[10/Sep/2026 20:09:29] "POST /api/chat/ HTTP/1.1" 200 560
[10/Sep/2026 20:09:29] "OPTIONS /api/agent/sessions/ HTTP/1.1" 200 247
[10/Sep/2026 20:09:29] "GET /api/agent/sessions/ HTTP/1.1" 200 6450
[10/Sep/2026 20:09:30] "GET /api/agent/handoffs/9f33c210-b46f-4dc2-a7c7-4da0353b1732/ HTTP/1.1" 200 119
[10/Sep/2026 20:09:31] "GET /api/agent/handoffs/9f33c210-b46f-4dc2-a7c7-4da0353b1732/ HTTP/1.1" 200 119
[10/Sep/2026 20:09:33] "OPTIONS /api/agent/handoffs/9f33c210-b46f-4dc2-a7c7-4da0353b1732/ HTTP/1.1" 200 161
[10/Sep/2026 20:09:33] "GET /api/agent/handoffs/9f33c210-b46f-4dc2-a7c7-4da0353b1732/ HTTP/1.1" 200 119
[10/Sep/2026 20:09:34] "GET /api/agent/handoffs/9f33c210-b46f-4dc2-a7c7-4da0353b1732/ HTTP/1.1" 200 119
[10/Sep/2026 20:09:36] "GET /api/agent/handoffs/9f33c210-b46f-4dc2-a7c7-4da0353b1732/ HTTP/1.1" 200 119
[10/Sep/2026 20:09:37] "GET /api/agent/handoffs/9f33c210-b46f-4dc2-a7c7-4da0353b1732/ HTTP/1.1" 200 119
[10/Sep/2026 20:09:39] "OPTIONS /api/agent/handoffs/9f33c210-b46f-4dc2-a7c7-4da0353b1732/ HTTP/1.1" 200 161
[10/Sep/2026 20:09:39] "GET /api/agent/handoffs/9f33c210-b46f-4dc2-a7c7-4da0353b1732/ HTTP/1.1" 200 119
[10/Sep/2026 20:09:40] "GET /api/agent/handoffs/9f33c210-b46f-4dc2-a7c7-4da0353b1732/ HTTP/1.1" 200 119
[10/Sep/2026 20:09:42] "GET /api/agent/handoffs/9f33c210-b46f-4dc2-a7c7-4da0353b1732/ HTTP/1.1" 200 119
[10/Sep/2026 20:09:43] "GET /api/agent/handoffs/9f33c210-b46f-4dc2-a7c7-4da0353b1732/ HTTP/1.1" 200 119
[10/Sep/2026 20:09:45] "OPTIONS /api/agent/handoffs/9f33c210-b46f-4dc2-a7c7-4da0353b1732/ HTTP/1.1" 200 161
[10/Sep/2026 20:09:45] "GET /api/agent/handoffs/9f33c210-b46f-4dc2-a7c7-4da0353b1732/ HTTP/1.1" 200 119
[10/Sep/2026 20:09:46] "GET /api/agent/handoffs/9f33c210-b46f-4dc2-a7c7-4da0353b1732/ HTTP/1.1" 200 119
[10/Sep/2026 20:09:48] "GET /api/agent/handoffs/9f33c210-b46f-4dc2-a7c7-4da0353b1732/ HTTP/1.1" 200 119
[10/Sep/2026 20:09:49] "GET /api/agent/handoffs/9f33c210-b46f-4dc2-a7c7-4da0353b1732/ HTTP/1.1" 200 119
[10/Sep/2026 20:09:51] "OPTIONS /api/agent/handoffs/9f33c210-b46f-4dc2-a7c7-4da0353b1732/ HTTP/1.1" 200 161
[10/Sep/2026 20:09:51] "GET /api/agent/handoffs/9f33c210-b46f-4dc2-a7c7-4da0353b1732/ HTTP/1.1" 200 119
[10/Sep/2026 20:09:52] "GET /api/agent/handoffs/9f33c210-b46f-4dc2-a7c7-4da0353b1732/ HTTP/1.1" 200 119
[10/Sep/2026 20:09:54] "GET /api/agent/handoffs/9f33c210-b46f-4dc2-a7c7-4da0353b1732/ HTTP/1.1" 200 119
[10/Sep/2026 20:09:55] "GET /api/agent/handoffs/9f33c210-b46f-4dc2-a7c7-4da0353b1732/ HTTP/1.1" 200 119
[10/Sep/2026 20:09:57] "OPTIONS /api/agent/handoffs/9f33c210-b46f-4dc2-a7c7-4da0353b1732/ HTTP/1.1" 200 161
[10/Sep/2026 20:09:57] "GET /api/agent/handoffs/9f33c210-b46f-4dc2-a7c7-4da0353b1732/ HTTP/1.1" 200 119
[10/Sep/2026 20:09:58] "GET /api/agent/handoffs/9f33c210-b46f-4dc2-a7c7-4da0353b1732/ HTTP/1.1" 200 119
[10/Sep/2026 20:10:00] "GET /api/agent/handoffs/9f33c210-b46f-4dc2-a7c7-4da0353b1732/ HTTP/1.1" 200 119
[10/Sep/2026 20:10:01] "GET /api/agent/handoffs/9f33c210-b46f-4dc2-a7c7-4da0353b1732/ HTTP/1.1" 200 119
[10/Sep/2026 20:10:03] "OPTIONS /api/agent/handoffs/9f33c210-b46f-4dc2-a7c7-4da0353b1732/ HTTP/1.1" 200 161
[10/Sep/2026 20:10:03] "GET /api/agent/handoffs/9f33c210-b46f-4dc2-a7c7-4da0353b1732/ HTTP/1.1" 200 119
[10/Sep/2026 20:10:04] "GET /api/agent/handoffs/9f33c210-b46f-4dc2-a7c7-4da0353b1732/ HTTP/1.1" 200 119
[10/Sep/2026 20:10:06] "GET /api/agent/handoffs/9f33c210-b46f-4dc2-a7c7-4da0353b1732/ HTTP/1.1" 200 119
[10/Sep/2026 20:10:07] "GET /api/agent/handoffs/9f33c210-b46f-4dc2-a7c7-4da0353b1732/ HTTP/1.1" 200 119
[10/Sep/2026 20:10:09] "OPTIONS /api/agent/handoffs/9f33c210-b46f-4dc2-a7c7-4da0353b1732/ HTTP/1.1" 200 161
[10/Sep/2026 20:10:09] "GET /api/agent/handoffs/9f33c210-b46f-4dc2-a7c7-4da0353b1732/ HTTP/1.1" 200 119
[10/Sep/2026 20:10:10] "GET /api/agent/handoffs/9f33c210-b46f-4dc2-a7c7-4da0353b1732/ HTTP/1.1" 200 119
[10/Sep/2026 20:10:10] "OPTIONS /api/chat/ HTTP/1.1" 200 151
[10/Sep/2026 20:10:11] "POST /api/chat/ HTTP/1.1" 200 560
[10/Sep/2026 20:10:11] "OPTIONS /api/agent/sessions/ HTTP/1.1" 200 247
[10/Sep/2026 20:10:11] "GET /api/agent/sessions/ HTTP/1.1" 200 6446
[10/Sep/2026 20:10:12] "GET /api/agent/handoffs/9f33c210-b46f-4dc2-a7c7-4da0353b1732/ HTTP/1.1" 200 119
[10/Sep/2026 20:10:13] "GET /api/agent/handoffs/9f33c210-b46f-4dc2-a7c7-4da0353b1732/ HTTP/1.1" 200 119
[10/Sep/2026 20:10:15] "OPTIONS /api/agent/handoffs/9f33c210-b46f-4dc2-a7c7-4da0353b1732/ HTTP/1.1" 200 161
[10/Sep/2026 20:10:15] "GET /api/agent/handoffs/9f33c210-b46f-4dc2-a7c7-4da0353b1732/ HTTP/1.1" 200 119
[10/Sep/2026 20:10:16] "GET /api/agent/handoffs/9f33c210-b46f-4dc2-a7c7-4da0353b1732/ HTTP/1.1" 200 119
[10/Sep/2026 20:10:17] "OPTIONS /api/chat/ HTTP/1.1" 200 151
[10/Sep/2026 20:10:18] "GET /api/agent/handoffs/9f33c210-b46f-4dc2-a7c7-4da0353b1732/ HTTP/1.1" 200 119
[10/Sep/2026 20:10:18] "POST /api/chat/ HTTP/1.1" 200 560
[10/Sep/2026 20:10:18] "OPTIONS /api/agent/sessions/ HTTP/1.1" 200 247
[10/Sep/2026 20:10:18] "GET /api/agent/sessions/ HTTP/1.1" 200 6445
[10/Sep/2026 20:10:19] "GET /api/agent/handoffs/9f33c210-b46f-4dc2-a7c7-4da0353b1732/ HTTP/1.1" 200 119
[10/Sep/2026 20:10:21] "OPTIONS /api/agent/handoffs/9f33c210-b46f-4dc2-a7c7-4da0353b1732/ HTTP/1.1" 200 161
[10/Sep/2026 20:10:21] "GET /api/agent/handoffs/9f33c210-b46f-4dc2-a7c7-4da0353b1732/ HTTP/1.1" 200 119
[10/Sep/2026 20:10:22] "GET /api/agent/handoffs/9f33c210-b46f-4dc2-a7c7-4da0353b1732/ HTTP/1.1" 200 119
[10/Sep/2026 20:10:24] "GET /api/agent/handoffs/9f33c210-b46f-4dc2-a7c7-4da0353b1732/ HTTP/1.1" 200 119
[10/Sep/2026 20:10:25] "GET /api/agent/handoffs/9f33c210-b46f-4dc2-a7c7-4da0353b1732/ HTTP/1.1" 200 119
[10/Sep/2026 20:10:27] "OPTIONS /api/agent/handoffs/9f33c210-b46f-4dc2-a7c7-4da0353b1732/ HTTP/1.1" 200 161
[10/Sep/2026 20:10:27] "GET /api/agent/handoffs/9f33c210-b46f-4dc2-a7c7-4da0353b1732/ HTTP/1.1" 200 119
[10/Sep/2026 20:10:28] "GET /api/agent/handoffs/9f33c210-b46f-4dc2-a7c7-4da0353b1732/ HTTP/1.1" 200 119
[10/Sep/2026 20:10:30] "GET /api/agent/handoffs/9f33c210-b46f-4dc2-a7c7-4da0353b1732/ HTTP/1.1" 200 119
[10/Sep/2026 20:10:31] "GET /api/agent/handoffs/9f33c210-b46f-4dc2-a7c7-4da0353b1732/ HTTP/1.1" 200 119
[10/Sep/2026 20:10:33] "OPTIONS /api/agent/handoffs/9f33c210-b46f-4dc2-a7c7-4da0353b1732/ HTTP/1.1" 200 161
[10/Sep/2026 20:10:33] "GET /api/agent/handoffs/9f33c210-b46f-4dc2-a7c7-4da0353b1732/ HTTP/1.1" 200 119
[10/Sep/2026 20:10:34] "GET /api/agent/handoffs/9f33c210-b46f-4dc2-a7c7-4da0353b1732/ HTTP/1.1" 200 119
[10/Sep/2026 20:10:36] "GET /api/agent/handoffs/9f33c210-b46f-4dc2-a7c7-4da0353b1732/ HTTP/1.1" 200 119
[10/Sep/2026 20:10:37] "GET /api/agent/handoffs/9f33c210-b46f-4dc2-a7c7-4da0353b1732/ HTTP/1.1" 200 119
[10/Sep/2026 20:10:39] "OPTIONS /api/agent/handoffs/9f33c210-b46f-4dc2-a7c7-4da0353b1732/ HTTP/1.1" 200 161
[10/Sep/2026 20:10:39] "GET /api/agent/handoffs/9f33c210-b46f-4dc2-a7c7-4da0353b1732/ HTTP/1.1" 200 119
[10/Sep/2026 20:10:40] "GET /api/agent/handoffs/9f33c210-b46f-4dc2-a7c7-4da0353b1732/ HTTP/1.1" 200 119
[10/Sep/2026 20:10:42] "GET /api/agent/handoffs/9f33c210-b46f-4dc2-a7c7-4da0353b1732/ HTTP/1.1" 200 119
[10/Sep/2026 20:10:43] "GET /api/agent/handoffs/9f33c210-b46f-4dc2-a7c7-4da0353b1732/ HTTP/1.1" 200 119
C:\Projects\Circle City\mis-insight-2\miso-insight\backend\miso_agent\services\resolver.py changed, reloading.
Watching for file changes with StatReloader
[10/Sep/2026 20:10:46] "OPTIONS /api/agent/handoffs/9f33c210-b46f-4dc2-a7c7-4da0353b1732/ HTTP/1.1" 200 161
[10/Sep/2026 20:10:46] "GET /api/agent/handoffs/9f33c210-b46f-4dc2-a7c7-4da0353b1732/ HTTP/1.1" 200 119
[10/Sep/2026 20:10:46] "GET /api/agent/handoffs/9f33c210-b46f-4dc2-a7c7-4da0353b1732/ HTTP/1.1" 200 119
[10/Sep/2026 20:10:48] "GET /api/agent/handoffs/9f33c210-b46f-4dc2-a7c7-4da0353b1732/ HTTP/1.1" 200 119
[10/Sep/2026 20:10:49] "GET /api/agent/handoffs/9f33c210-b46f-4dc2-a7c7-4da0353b1732/ HTTP/1.1" 200 119
[10/Sep/2026 20:10:51] "OPTIONS /api/agent/handoffs/9f33c210-b46f-4dc2-a7c7-4da0353b1732/ HTTP/1.1" 200 161
[10/Sep/2026 20:10:51] "GET /api/agent/handoffs/9f33c210-b46f-4dc2-a7c7-4da0353b1732/ HTTP/1.1" 200 119
[10/Sep/2026 20:10:52] "GET /api/agent/handoffs/9f33c210-b46f-4dc2-a7c7-4da0353b1732/ HTTP/1.1" 200 119
[10/Sep/2026 20:10:54] "GET /api/agent/handoffs/9f33c210-b46f-4dc2-a7c7-4da0353b1732/ HTTP/1.1" 200 119
[10/Sep/2026 20:10:55] "GET /api/agent/handoffs/9f33c210-b46f-4dc2-a7c7-4da0353b1732/ HTTP/1.1" 200 119
[10/Sep/2026 20:10:57] "OPTIONS /api/agent/handoffs/9f33c210-b46f-4dc2-a7c7-4da0353b1732/ HTTP/1.1" 200 161
[10/Sep/2026 20:10:57] "GET /api/agent/handoffs/9f33c210-b46f-4dc2-a7c7-4da0353b1732/ HTTP/1.1" 200 119
[10/Sep/2026 20:10:58] "GET /api/agent/handoffs/9f33c210-b46f-4dc2-a7c7-4da0353b1732/ HTTP/1.1" 200 119
[10/Sep/2026 20:11:00] "GET /api/agent/handoffs/9f33c210-b46f-4dc2-a7c7-4da0353b1732/ HTTP/1.1" 200 119
[10/Sep/2026 20:11:01] "GET /api/agent/handoffs/9f33c210-b46f-4dc2-a7c7-4da0353b1732/ HTTP/1.1" 200 119
[10/Sep/2026 20:11:02] "OPTIONS /api/chat/ HTTP/1.1" 200 151
[10/Sep/2026 20:11:03] "OPTIONS /api/agent/handoffs/9f33c210-b46f-4dc2-a7c7-4da0353b1732/ HTTP/1.1" 200 161
[10/Sep/2026 20:11:03] "GET /api/agent/handoffs/9f33c210-b46f-4dc2-a7c7-4da0353b1732/ HTTP/1.1" 200 119
[10/Sep/2026 20:11:03] "POST /api/chat/ HTTP/1.1" 200 867
[10/Sep/2026 20:11:03] "OPTIONS /api/agent/sessions/ HTTP/1.1" 200 247
[10/Sep/2026 20:11:03] "GET /api/agent/sessions/ HTTP/1.1" 200 6444
[10/Sep/2026 20:11:04] "GET /api/agent/handoffs/9f33c210-b46f-4dc2-a7c7-4da0353b1732/ HTTP/1.1" 200 119
[10/Sep/2026 20:11:06] "GET /api/agent/handoffs/9f33c210-b46f-4dc2-a7c7-4da0353b1732/ HTTP/1.1" 200 119
[10/Sep/2026 20:11:07] "GET /api/agent/handoffs/9f33c210-b46f-4dc2-a7c7-4da0353b1732/ HTTP/1.1" 200 119
[10/Sep/2026 20:11:09] "OPTIONS /api/agent/handoffs/9f33c210-b46f-4dc2-a7c7-4da0353b1732/ HTTP/1.1" 200 161
[10/Sep/2026 20:11:09] "GET /api/agent/handoffs/9f33c210-b46f-4dc2-a7c7-4da0353b1732/ HTTP/1.1" 200 119
[10/Sep/2026 20:11:10] "GET /api/agent/handoffs/9f33c210-b46f-4dc2-a7c7-4da0353b1732/ HTTP/1.1" 200 119
[10/Sep/2026 20:11:12] "GET /api/agent/handoffs/9f33c210-b46f-4dc2-a7c7-4da0353b1732/ HTTP/1.1" 200 119
[10/Sep/2026 20:11:13] "GET /api/agent/handoffs/9f33c210-b46f-4dc2-a7c7-4da0353b1732/ HTTP/1.1" 200 119
[10/Sep/2026 20:11:15] "OPTIONS /api/agent/handoffs/9f33c210-b46f-4dc2-a7c7-4da0353b1732/ HTTP/1.1" 200 161
[10/Sep/2026 20:11:15] "GET /api/agent/handoffs/9f33c210-b46f-4dc2-a7c7-4da0353b1732/ HTTP/1.1" 200 119
[10/Sep/2026 20:11:16] "GET /api/agent/handoffs/9f33c210-b46f-4dc2-a7c7-4da0353b1732/ HTTP/1.1" 200 119
[10/Sep/2026 20:11:18] "GET /api/agent/handoffs/9f33c210-b46f-4dc2-a7c7-4da0353b1732/ HTTP/1.1" 200 119
[10/Sep/2026 20:11:19] "GET /api/agent/handoffs/9f33c210-b46f-4dc2-a7c7-4da0353b1732/ HTTP/1.1" 200 119
[10/Sep/2026 20:11:21] "OPTIONS /api/agent/handoffs/9f33c210-b46f-4dc2-a7c7-4da0353b1732/ HTTP/1.1" 200 161
[10/Sep/2026 20:11:21] "GET /api/agent/handoffs/9f33c210-b46f-4dc2-a7c7-4da0353b1732/ HTTP/1.1" 200 119
[10/Sep/2026 20:11:22] "GET /api/agent/handoffs/9f33c210-b46f-4dc2-a7c7-4da0353b1732/ HTTP/1.1" 200 119
[10/Sep/2026 20:11:24] "GET /api/agent/handoffs/9f33c210-b46f-4dc2-a7c7-4da0353b1732/ HTTP/1.1" 200 119
[10/Sep/2026 20:11:25] "GET /api/agent/handoffs/9f33c210-b46f-4dc2-a7c7-4da0353b1732/ HTTP/1.1" 200 119
[10/Sep/2026 20:11:27] "OPTIONS /api/agent/handoffs/9f33c210-b46f-4dc2-a7c7-4da0353b1732/ HTTP/1.1" 200 161
[10/Sep/2026 20:11:27] "GET /api/agent/handoffs/9f33c210-b46f-4dc2-a7c7-4da0353b1732/ HTTP/1.1" 200 119
[10/Sep/2026 20:11:28] "GET /api/agent/handoffs/9f33c210-b46f-4dc2-a7c7-4da0353b1732/ HTTP/1.1" 200 119
[10/Sep/2026 20:11:29] "OPTIONS /api/chat/ HTTP/1.1" 200 151
[10/Sep/2026 20:11:30] "GET /api/agent/handoffs/9f33c210-b46f-4dc2-a7c7-4da0353b1732/ HTTP/1.1" 200 119
[10/Sep/2026 20:11:30] "POST /api/chat/ HTTP/1.1" 200 1030
[10/Sep/2026 20:11:30] "OPTIONS /api/agent/sessions/ HTTP/1.1" 200 247
[10/Sep/2026 20:11:30] "GET /api/agent/sessions/ HTTP/1.1" 200 6458
[10/Sep/2026 20:11:31] "GET /api/agent/handoffs/9f33c210-b46f-4dc2-a7c7-4da0353b1732/ HTTP/1.1" 200 119
[10/Sep/2026 20:11:33] "OPTIONS /api/agent/handoffs/9f33c210-b46f-4dc2-a7c7-4da0353b1732/ HTTP/1.1" 200 161
[10/Sep/2026 20:11:33] "GET /api/agent/handoffs/9f33c210-b46f-4dc2-a7c7-4da0353b1732/ HTTP/1.1" 200 119
[10/Sep/2026 20:11:34] "GET /api/agent/handoffs/9f33c210-b46f-4dc2-a7c7-4da0353b1732/ HTTP/1.1" 200 119
[10/Sep/2026 20:11:36] "GET /api/agent/handoffs/9f33c210-b46f-4dc2-a7c7-4da0353b1732/ HTTP/1.1" 200 119
[10/Sep/2026 20:11:37] "GET /api/agent/handoffs/9f33c210-b46f-4dc2-a7c7-4da0353b1732/ HTTP/1.1" 200 119
[10/Sep/2026 20:11:39] "OPTIONS /api/agent/handoffs/9f33c210-b46f-4dc2-a7c7-4da0353b1732/ HTTP/1.1" 200 161
[10/Sep/2026 20:11:39] "GET /api/agent/handoffs/9f33c210-b46f-4dc2-a7c7-4da0353b1732/ HTTP/1.1" 200 119
[10/Sep/2026 20:11:40] "GET /api/agent/handoffs/9f33c210-b46f-4dc2-a7c7-4da0353b1732/ HTTP/1.1" 200 119
[10/Sep/2026 20:11:42] "GET /api/agent/handoffs/9f33c210-b46f-4dc2-a7c7-4da0353b1732/ HTTP/1.1" 200 119
[10/Sep/2026 20:11:43] "OPTIONS /api/chat/ HTTP/1.1" 200 151
[10/Sep/2026 20:11:43] "GET /api/agent/handoffs/9f33c210-b46f-4dc2-a7c7-4da0353b1732/ HTTP/1.1" 200 119
[10/Sep/2026 20:11:43] "POST /api/chat/ HTTP/1.1" 200 883
[10/Sep/2026 20:11:43] "OPTIONS /api/agent/sessions/ HTTP/1.1" 200 247
[10/Sep/2026 20:11:43] "GET /api/agent/sessions/ HTTP/1.1" 200 6460
[10/Sep/2026 20:11:45] "OPTIONS /api/agent/handoffs/9f33c210-b46f-4dc2-a7c7-4da0353b1732/ HTTP/1.1" 200 161
[10/Sep/2026 20:11:45] "GET /api/agent/handoffs/9f33c210-b46f-4dc2-a7c7-4da0353b1732/ HTTP/1.1" 200 119
[10/Sep/2026 20:11:46] "GET /api/agent/handoffs/9f33c210-b46f-4dc2-a7c7-4da0353b1732/ HTTP/1.1" 200 119
[10/Sep/2026 20:11:48] "GET /api/agent/handoffs/9f33c210-b46f-4dc2-a7c7-4da0353b1732/ HTTP/1.1" 200 119
[10/Sep/2026 20:11:49] "GET /api/agent/handoffs/9f33c210-b46f-4dc2-a7c7-4da0353b1732/ HTTP/1.1" 200 119
[10/Sep/2026 20:11:51] "OPTIONS /api/agent/handoffs/9f33c210-b46f-4dc2-a7c7-4da0353b1732/ HTTP/1.1" 200 161
[10/Sep/2026 20:11:51] "GET /api/agent/handoffs/9f33c210-b46f-4dc2-a7c7-4da0353b1732/ HTTP/1.1" 200 119
[10/Sep/2026 20:11:52] "GET /api/agent/handoffs/9f33c210-b46f-4dc2-a7c7-4da0353b1732/ HTTP/1.1" 200 119
[10/Sep/2026 20:11:54] "GET /api/agent/handoffs/9f33c210-b46f-4dc2-a7c7-4da0353b1732/ HTTP/1.1" 200 119
[10/Sep/2026 20:11:54] "OPTIONS /api/chat/ HTTP/1.1" 200 151
[10/Sep/2026 20:11:55] "POST /api/chat/ HTTP/1.1" 200 239
[10/Sep/2026 20:11:55] "OPTIONS /api/agent/sessions/ HTTP/1.1" 200 247
[10/Sep/2026 20:11:55] "GET /api/agent/sessions/ HTTP/1.1" 200 6436
[10/Sep/2026 20:11:55] "GET /api/agent/handoffs/9f33c210-b46f-4dc2-a7c7-4da0353b1732/ HTTP/1.1" 200 119
[10/Sep/2026 20:11:57] "OPTIONS /api/agent/handoffs/9f33c210-b46f-4dc2-a7c7-4da0353b1732/ HTTP/1.1" 200 161
[10/Sep/2026 20:11:57] "GET /api/agent/handoffs/9f33c210-b46f-4dc2-a7c7-4da0353b1732/ HTTP/1.1" 200 119
[10/Sep/2026 20:11:58] "GET /api/agent/handoffs/9f33c210-b46f-4dc2-a7c7-4da0353b1732/ HTTP/1.1" 200 119
[10/Sep/2026 20:12:00] "GET /api/agent/handoffs/9f33c210-b46f-4dc2-a7c7-4da0353b1732/ HTTP/1.1" 200 119
[10/Sep/2026 20:12:01] "GET /api/agent/handoffs/9f33c210-b46f-4dc2-a7c7-4da0353b1732/ HTTP/1.1" 200 119
[10/Sep/2026 20:12:03] "OPTIONS /api/agent/handoffs/9f33c210-b46f-4dc2-a7c7-4da0353b1732/ HTTP/1.1" 200 161
[10/Sep/2026 20:12:03] "GET /api/agent/handoffs/9f33c210-b46f-4dc2-a7c7-4da0353b1732/ HTTP/1.1" 200 119
[10/Sep/2026 20:12:04] "GET /api/agent/handoffs/9f33c210-b46f-4dc2-a7c7-4da0353b1732/ HTTP/1.1" 200 119
[10/Sep/2026 20:12:06] "GET /api/agent/handoffs/9f33c210-b46f-4dc2-a7c7-4da0353b1732/ HTTP/1.1" 200 119
[10/Sep/2026 20:12:06] "OPTIONS /api/chat/ HTTP/1.1" 200 151
[10/Sep/2026 20:12:07] "POST /api/chat/ HTTP/1.1" 200 880
[10/Sep/2026 20:12:07] "OPTIONS /api/agent/sessions/ HTTP/1.1" 200 247
[10/Sep/2026 20:12:07] "GET /api/agent/sessions/ HTTP/1.1" 200 6465
[10/Sep/2026 20:12:07] "GET /api/agent/handoffs/9f33c210-b46f-4dc2-a7c7-4da0353b1732/ HTTP/1.1" 200 119
[10/Sep/2026 20:12:09] "OPTIONS /api/agent/handoffs/9f33c210-b46f-4dc2-a7c7-4da0353b1732/ HTTP/1.1" 200 161
[10/Sep/2026 20:12:09] "GET /api/agent/handoffs/9f33c210-b46f-4dc2-a7c7-4da0353b1732/ HTTP/1.1" 200 119
[10/Sep/2026 20:12:10] "GET /api/agent/handoffs/9f33c210-b46f-4dc2-a7c7-4da0353b1732/ HTTP/1.1" 200 119
[10/Sep/2026 20:12:12] "GET /api/agent/handoffs/9f33c210-b46f-4dc2-a7c7-4da0353b1732/ HTTP/1.1" 200 119
[10/Sep/2026 20:12:13] "GET /api/agent/handoffs/9f33c210-b46f-4dc2-a7c7-4da0353b1732/ HTTP/1.1" 200 119
[10/Sep/2026 20:12:15] "OPTIONS /api/agent/handoffs/9f33c210-b46f-4dc2-a7c7-4da0353b1732/ HTTP/1.1" 200 161
[10/Sep/2026 20:12:15] "GET /api/agent/handoffs/9f33c210-b46f-4dc2-a7c7-4da0353b1732/ HTTP/1.1" 200 119
[10/Sep/2026 20:12:15] "OPTIONS /api/chat/ HTTP/1.1" 200 151
[10/Sep/2026 20:12:16] "POST /api/chat/ HTTP/1.1" 200 854
[10/Sep/2026 20:12:16] "OPTIONS /api/agent/sessions/ HTTP/1.1" 200 247
[10/Sep/2026 20:12:16] "GET /api/agent/sessions/ HTTP/1.1" 200 6439
[10/Sep/2026 20:12:16] "GET /api/agent/handoffs/9f33c210-b46f-4dc2-a7c7-4da0353b1732/ HTTP/1.1" 200 119
[10/Sep/2026 20:12:18] "GET /api/agent/handoffs/9f33c210-b46f-4dc2-a7c7-4da0353b1732/ HTTP/1.1" 200 119
[10/Sep/2026 20:12:19] "GET /api/agent/handoffs/9f33c210-b46f-4dc2-a7c7-4da0353b1732/ HTTP/1.1" 200 119
[10/Sep/2026 20:12:21] "OPTIONS /api/agent/handoffs/9f33c210-b46f-4dc2-a7c7-4da0353b1732/ HTTP/1.1" 200 161
[10/Sep/2026 20:12:21] "GET /api/agent/handoffs/9f33c210-b46f-4dc2-a7c7-4da0353b1732/ HTTP/1.1" 200 119
[10/Sep/2026 20:12:22] "GET /api/agent/handoffs/9f33c210-b46f-4dc2-a7c7-4da0353b1732/ HTTP/1.1" 200 119
[10/Sep/2026 20:12:23] "OPTIONS /api/chat/ HTTP/1.1" 200 151
[10/Sep/2026 20:12:23] "POST /api/chat/ HTTP/1.1" 200 239
[10/Sep/2026 20:12:23] "OPTIONS /api/agent/sessions/ HTTP/1.1" 200 247
[10/Sep/2026 20:12:23] "GET /api/agent/sessions/ HTTP/1.1" 200 6476
[10/Sep/2026 20:12:24] "GET /api/agent/handoffs/9f33c210-b46f-4dc2-a7c7-4da0353b1732/ HTTP/1.1" 200 119
[10/Sep/2026 20:12:25] "GET /api/agent/handoffs/9f33c210-b46f-4dc2-a7c7-4da0353b1732/ HTTP/1.1" 200 119
[10/Sep/2026 20:12:27] "OPTIONS /api/agent/handoffs/9f33c210-b46f-4dc2-a7c7-4da0353b1732/ HTTP/1.1" 200 161
[10/Sep/2026 20:12:27] "GET /api/agent/handoffs/9f33c210-b46f-4dc2-a7c7-4da0353b1732/ HTTP/1.1" 200 119
[10/Sep/2026 20:12:28] "GET /api/agent/handoffs/9f33c210-b46f-4dc2-a7c7-4da0353b1732/ HTTP/1.1" 200 119
[10/Sep/2026 20:12:30] "GET /api/agent/handoffs/9f33c210-b46f-4dc2-a7c7-4da0353b1732/ HTTP/1.1" 200 119
[10/Sep/2026 20:12:31] "GET /api/agent/handoffs/9f33c210-b46f-4dc2-a7c7-4da0353b1732/ HTTP/1.1" 200 119
[10/Sep/2026 20:12:33] "OPTIONS /api/agent/handoffs/9f33c210-b46f-4dc2-a7c7-4da0353b1732/ HTTP/1.1" 200 161
[10/Sep/2026 20:12:33] "GET /api/agent/handoffs/9f33c210-b46f-4dc2-a7c7-4da0353b1732/ HTTP/1.1" 200 119
[10/Sep/2026 20:12:34] "GET /api/agent/handoffs/9f33c210-b46f-4dc2-a7c7-4da0353b1732/ HTTP/1.1" 200 119
[10/Sep/2026 20:12:36] "GET /api/agent/handoffs/9f33c210-b46f-4dc2-a7c7-4da0353b1732/ HTTP/1.1" 200 119
[10/Sep/2026 20:12:37] "GET /api/agent/handoffs/9f33c210-b46f-4dc2-a7c7-4da0353b1732/ HTTP/1.1" 200 119
[10/Sep/2026 20:12:39] "OPTIONS /api/agent/handoffs/9f33c210-b46f-4dc2-a7c7-4da0353b1732/ HTTP/1.1" 200 161
[10/Sep/2026 20:12:39] "GET /api/agent/handoffs/9f33c210-b46f-4dc2-a7c7-4da0353b1732/ HTTP/1.1" 200 119
[10/Sep/2026 20:12:40] "GET /api/agent/handoffs/9f33c210-b46f-4dc2-a7c7-4da0353b1732/ HTTP/1.1" 200 119
[10/Sep/2026 20:12:42] "GET /api/agent/handoffs/9f33c210-b46f-4dc2-a7c7-4da0353b1732/ HTTP/1.1" 200 119
[10/Sep/2026 20:12:43] "GET /api/agent/handoffs/9f33c210-b46f-4dc2-a7c7-4da0353b1732/ HTTP/1.1" 200 119
[10/Sep/2026 20:12:45] "OPTIONS /api/agent/handoffs/9f33c210-b46f-4dc2-a7c7-4da0353b1732/ HTTP/1.1" 200 161
[10/Sep/2026 20:12:45] "GET /api/agent/handoffs/9f33c210-b46f-4dc2-a7c7-4da0353b1732/ HTTP/1.1" 200 119
[10/Sep/2026 20:12:46] "GET /api/agent/handoffs/9f33c210-b46f-4dc2-a7c7-4da0353b1732/ HTTP/1.1" 200 119
[10/Sep/2026 20:12:48] "GET /api/agent/handoffs/9f33c210-b46f-4dc2-a7c7-4da0353b1732/ HTTP/1.1" 200 119
[10/Sep/2026 20:12:49] "GET /api/agent/handoffs/9f33c210-b46f-4dc2-a7c7-4da0353b1732/ HTTP/1.1" 200 119
[10/Sep/2026 20:12:51] "OPTIONS /api/agent/handoffs/9f33c210-b46f-4dc2-a7c7-4da0353b1732/ HTTP/1.1" 200 161
[10/Sep/2026 20:12:51] "GET /api/agent/handoffs/9f33c210-b46f-4dc2-a7c7-4da0353b1732/ HTTP/1.1" 200 119
[10/Sep/2026 20:12:52] "GET /api/agent/handoffs/9f33c210-b46f-4dc2-a7c7-4da0353b1732/ HTTP/1.1" 200 119
[10/Sep/2026 20:12:54] "GET /api/agent/handoffs/9f33c210-b46f-4dc2-a7c7-4da0353b1732/ HTTP/1.1" 200 119
[10/Sep/2026 20:12:55] "GET /api/agent/handoffs/9f33c210-b46f-4dc2-a7c7-4da0353b1732/ HTTP/1.1" 200 119
[10/Sep/2026 20:12:57] "OPTIONS /api/agent/handoffs/9f33c210-b46f-4dc2-a7c7-4da0353b1732/ HTTP/1.1" 200 161
[10/Sep/2026 20:12:57] "GET /api/agent/handoffs/9f33c210-b46f-4dc2-a7c7-4da0353b1732/ HTTP/1.1" 200 119
[10/Sep/2026 20:12:58] "GET /api/agent/handoffs/9f33c210-b46f-4dc2-a7c7-4da0353b1732/ HTTP/1.1" 200 119
[10/Sep/2026 20:12:59] "OPTIONS /api/chat/ HTTP/1.1" 200 151
[10/Sep/2026 20:13:00] "GET /api/agent/handoffs/9f33c210-b46f-4dc2-a7c7-4da0353b1732/ HTTP/1.1" 200 119
[10/Sep/2026 20:13:00] "POST /api/chat/ HTTP/1.1" 200 560
[10/Sep/2026 20:13:00] "OPTIONS /api/agent/sessions/ HTTP/1.1" 200 247
[10/Sep/2026 20:13:00] "GET /api/agent/sessions/ HTTP/1.1" 200 6457
[10/Sep/2026 20:13:01] "GET /api/agent/handoffs/9f33c210-b46f-4dc2-a7c7-4da0353b1732/ HTTP/1.1" 200 119
[10/Sep/2026 20:13:03] "OPTIONS /api/agent/handoffs/9f33c210-b46f-4dc2-a7c7-4da0353b1732/ HTTP/1.1" 200 161
[10/Sep/2026 20:13:03] "GET /api/agent/handoffs/9f33c210-b46f-4dc2-a7c7-4da0353b1732/ HTTP/1.1" 200 119
[10/Sep/2026 20:13:04] "GET /api/agent/handoffs/9f33c210-b46f-4dc2-a7c7-4da0353b1732/ HTTP/1.1" 200 119
[10/Sep/2026 20:13:06] "GET /api/agent/handoffs/9f33c210-b46f-4dc2-a7c7-4da0353b1732/ HTTP/1.1" 200 119
[10/Sep/2026 20:13:07] "GET /api/agent/handoffs/9f33c210-b46f-4dc2-a7c7-4da0353b1732/ HTTP/1.1" 200 119
[10/Sep/2026 20:13:09] "OPTIONS /api/agent/handoffs/9f33c210-b46f-4dc2-a7c7-4da0353b1732/ HTTP/1.1" 200 161
[10/Sep/2026 20:13:09] "GET /api/agent/handoffs/9f33c210-b46f-4dc2-a7c7-4da0353b1732/ HTTP/1.1" 200 119
[10/Sep/2026 20:13:10] "GET /api/agent/handoffs/9f33c210-b46f-4dc2-a7c7-4da0353b1732/ HTTP/1.1" 200 119
[10/Sep/2026 20:13:12] "GET /api/agent/handoffs/9f33c210-b46f-4dc2-a7c7-4da0353b1732/ HTTP/1.1" 200 119
[10/Sep/2026 20:13:13] "GET /api/agent/handoffs/9f33c210-b46f-4dc2-a7c7-4da0353b1732/ HTTP/1.1" 200 119
[10/Sep/2026 20:13:15] "OPTIONS /api/agent/handoffs/9f33c210-b46f-4dc2-a7c7-4da0353b1732/ HTTP/1.1" 200 161
[10/Sep/2026 20:13:15] "GET /api/agent/handoffs/9f33c210-b46f-4dc2-a7c7-4da0353b1732/ HTTP/1.1" 200 119
[10/Sep/2026 20:13:16] "GET /api/agent/handoffs/9f33c210-b46f-4dc2-a7c7-4da0353b1732/ HTTP/1.1" 200 119
[10/Sep/2026 20:13:18] "GET /api/agent/handoffs/9f33c210-b46f-4dc2-a7c7-4da0353b1732/ HTTP/1.1" 200 119
[10/Sep/2026 20:13:19] "GET /api/agent/handoffs/9f33c210-b46f-4dc2-a7c7-4da0353b1732/ HTTP/1.1" 200 119
[10/Sep/2026 20:13:21] "OPTIONS /api/agent/handoffs/9f33c210-b46f-4dc2-a7c7-4da0353b1732/ HTTP/1.1" 200 161
[10/Sep/2026 20:13:21] "GET /api/agent/handoffs/9f33c210-b46f-4dc2-a7c7-4da0353b1732/ HTTP/1.1" 200 119
[10/Sep/2026 20:13:22] "GET /api/agent/handoffs/9f33c210-b46f-4dc2-a7c7-4da0353b1732/ HTTP/1.1" 200 119
[10/Sep/2026 20:13:24] "GET /api/agent/handoffs/9f33c210-b46f-4dc2-a7c7-4da0353b1732/ HTTP/1.1" 200 119
[10/Sep/2026 20:13:25] "GET /api/agent/handoffs/9f33c210-b46f-4dc2-a7c7-4da0353b1732/ HTTP/1.1" 200 119
[10/Sep/2026 20:13:27] "OPTIONS /api/agent/handoffs/9f33c210-b46f-4dc2-a7c7-4da0353b1732/ HTTP/1.1" 200 161
[10/Sep/2026 20:13:27] "GET /api/agent/handoffs/9f33c210-b46f-4dc2-a7c7-4da0353b1732/ HTTP/1.1" 200 119
[10/Sep/2026 20:13:28] "GET /api/agent/handoffs/9f33c210-b46f-4dc2-a7c7-4da0353b1732/ HTTP/1.1" 200 119
[10/Sep/2026 20:13:30] "GET /api/agent/handoffs/9f33c210-b46f-4dc2-a7c7-4da0353b1732/ HTTP/1.1" 200 119
[10/Sep/2026 20:13:31] "GET /api/agent/handoffs/9f33c210-b46f-4dc2-a7c7-4da0353b1732/ HTTP/1.1" 200 119
[10/Sep/2026 20:13:33] "OPTIONS /api/agent/handoffs/9f33c210-b46f-4dc2-a7c7-4da0353b1732/ HTTP/1.1" 200 161
[10/Sep/2026 20:13:33] "GET /api/agent/handoffs/9f33c210-b46f-4dc2-a7c7-4da0353b1732/ HTTP/1.1" 200 119
[10/Sep/2026 20:13:34] "GET /api/agent/handoffs/9f33c210-b46f-4dc2-a7c7-4da0353b1732/ HTTP/1.1" 200 119
[10/Sep/2026 20:13:36] "GET /api/agent/handoffs/9f33c210-b46f-4dc2-a7c7-4da0353b1732/ HTTP/1.1" 200 119
[10/Sep/2026 20:13:37] "GET /api/agent/handoffs/9f33c210-b46f-4dc2-a7c7-4da0353b1732/ HTTP/1.1" 200 119
[10/Sep/2026 20:13:39] "OPTIONS /api/agent/handoffs/9f33c210-b46f-4dc2-a7c7-4da0353b1732/ HTTP/1.1" 200 161
[10/Sep/2026 20:13:39] "GET /api/agent/handoffs/9f33c210-b46f-4dc2-a7c7-4da0353b1732/ HTTP/1.1" 200 119
[10/Sep/2026 20:13:41] "GET /api/agent/handoffs/9f33c210-b46f-4dc2-a7c7-4da0353b1732/ HTTP/1.1" 200 119
[10/Sep/2026 20:13:42] "GET /api/agent/handoffs/9f33c210-b46f-4dc2-a7c7-4da0353b1732/ HTTP/1.1" 200 119
[10/Sep/2026 20:13:43] "GET /api/agent/handoffs/9f33c210-b46f-4dc2-a7c7-4da0353b1732/ HTTP/1.1" 200 119
[10/Sep/2026 20:13:45] "OPTIONS /api/agent/handoffs/9f33c210-b46f-4dc2-a7c7-4da0353b1732/ HTTP/1.1" 200 161
[10/Sep/2026 20:13:45] "GET /api/agent/handoffs/9f33c210-b46f-4dc2-a7c7-4da0353b1732/ HTTP/1.1" 200 119
[10/Sep/2026 20:13:46] "GET /api/agent/handoffs/9f33c210-b46f-4dc2-a7c7-4da0353b1732/ HTTP/1.1" 200 119
[10/Sep/2026 20:13:48] "GET /api/agent/handoffs/9f33c210-b46f-4dc2-a7c7-4da0353b1732/ HTTP/1.1" 200 119
[10/Sep/2026 20:13:50] "GET /api/agent/handoffs/9f33c210-b46f-4dc2-a7c7-4da0353b1732/ HTTP/1.1" 200 119
[10/Sep/2026 20:13:51] "OPTIONS /api/agent/handoffs/9f33c210-b46f-4dc2-a7c7-4da0353b1732/ HTTP/1.1" 200 161
[10/Sep/2026 20:13:51] "GET /api/agent/handoffs/9f33c210-b46f-4dc2-a7c7-4da0353b1732/ HTTP/1.1" 200 119
[10/Sep/2026 20:13:52] "GET /api/agent/handoffs/9f33c210-b46f-4dc2-a7c7-4da0353b1732/ HTTP/1.1" 200 119
[10/Sep/2026 20:13:54] "GET /api/agent/handoffs/9f33c210-b46f-4dc2-a7c7-4da0353b1732/ HTTP/1.1" 200 119
[10/Sep/2026 20:13:55] "GET /api/agent/handoffs/9f33c210-b46f-4dc2-a7c7-4da0353b1732/ HTTP/1.1" 200 119
[10/Sep/2026 20:13:57] "OPTIONS /api/agent/handoffs/9f33c210-b46f-4dc2-a7c7-4da0353b1732/ HTTP/1.1" 200 161
[10/Sep/2026 20:13:57] "GET /api/agent/handoffs/9f33c210-b46f-4dc2-a7c7-4da0353b1732/ HTTP/1.1" 200 119
[10/Sep/2026 20:13:58] "GET /api/agent/handoffs/9f33c210-b46f-4dc2-a7c7-4da0353b1732/ HTTP/1.1" 200 119
[10/Sep/2026 20:14:00] "GET /api/agent/handoffs/9f33c210-b46f-4dc2-a7c7-4da0353b1732/ HTTP/1.1" 200 119
[10/Sep/2026 20:14:01] "GET /api/agent/handoffs/9f33c210-b46f-4dc2-a7c7-4da0353b1732/ HTTP/1.1" 200 119
[10/Sep/2026 20:14:03] "OPTIONS /api/agent/handoffs/9f33c210-b46f-4dc2-a7c7-4da0353b1732/ HTTP/1.1" 200 161
[10/Sep/2026 20:14:03] "GET /api/agent/handoffs/9f33c210-b46f-4dc2-a7c7-4da0353b1732/ HTTP/1.1" 200 119
[10/Sep/2026 20:14:04] "GET /api/agent/handoffs/9f33c210-b46f-4dc2-a7c7-4da0353b1732/ HTTP/1.1" 200 119
[10/Sep/2026 20:14:06] "GET /api/agent/handoffs/9f33c210-b46f-4dc2-a7c7-4da0353b1732/ HTTP/1.1" 200 119
[10/Sep/2026 20:14:07] "GET /api/agent/handoffs/9f33c210-b46f-4dc2-a7c7-4da0353b1732/ HTTP/1.1" 200 119
[10/Sep/2026 20:14:09] "OPTIONS /api/agent/handoffs/9f33c210-b46f-4dc2-a7c7-4da0353b1732/ HTTP/1.1" 200 161
[10/Sep/2026 20:14:09] "GET /api/agent/handoffs/9f33c210-b46f-4dc2-a7c7-4da0353b1732/ HTTP/1.1" 200 119
[10/Sep/2026 20:14:10] "GET /api/agent/handoffs/9f33c210-b46f-4dc2-a7c7-4da0353b1732/ HTTP/1.1" 200 119
[10/Sep/2026 20:14:12] "GET /api/agent/handoffs/9f33c210-b46f-4dc2-a7c7-4da0353b1732/ HTTP/1.1" 200 119
[10/Sep/2026 20:14:13] "GET /api/agent/handoffs/9f33c210-b46f-4dc2-a7c7-4da0353b1732/ HTTP/1.1" 200 119
[10/Sep/2026 20:14:15] "OPTIONS /api/agent/handoffs/9f33c210-b46f-4dc2-a7c7-4da0353b1732/ HTTP/1.1" 200 161
[10/Sep/2026 20:14:15] "GET /api/agent/handoffs/9f33c210-b46f-4dc2-a7c7-4da0353b1732/ HTTP/1.1" 200 119
[10/Sep/2026 20:14:16] "GET /api/agent/handoffs/9f33c210-b46f-4dc2-a7c7-4da0353b1732/ HTTP/1.1" 200 119
[10/Sep/2026 20:14:18] "GET /api/agent/handoffs/9f33c210-b46f-4dc2-a7c7-4da0353b1732/ HTTP/1.1" 200 119
[10/Sep/2026 20:14:19] "GET /api/agent/handoffs/9f33c210-b46f-4dc2-a7c7-4da0353b1732/ HTTP/1.1" 200 119
[10/Sep/2026 20:14:21] "OPTIONS /api/agent/handoffs/9f33c210-b46f-4dc2-a7c7-4da0353b1732/ HTTP/1.1" 200 161
[10/Sep/2026 20:14:21] "GET /api/agent/handoffs/9f33c210-b46f-4dc2-a7c7-4da0353b1732/ HTTP/1.1" 200 119
[10/Sep/2026 20:14:22] "GET /api/agent/handoffs/9f33c210-b46f-4dc2-a7c7-4da0353b1732/ HTTP/1.1" 200 119
[10/Sep/2026 20:14:24] "GET /api/agent/handoffs/9f33c210-b46f-4dc2-a7c7-4da0353b1732/ HTTP/1.1" 200 119
[10/Sep/2026 20:14:25] "GET /api/agent/handoffs/9f33c210-b46f-4dc2-a7c7-4da0353b1732/ HTTP/1.1" 200 119
[10/Sep/2026 20:14:27] "OPTIONS /api/agent/handoffs/9f33c210-b46f-4dc2-a7c7-4da0353b1732/ HTTP/1.1" 200 161
[10/Sep/2026 20:14:27] "GET /api/agent/handoffs/9f33c210-b46f-4dc2-a7c7-4da0353b1732/ HTTP/1.1" 200 119
[10/Sep/2026 20:14:28] "GET /api/agent/handoffs/9f33c210-b46f-4dc2-a7c7-4da0353b1732/ HTTP/1.1" 200 119
[10/Sep/2026 20:14:30] "GET /api/agent/handoffs/9f33c210-b46f-4dc2-a7c7-4da0353b1732/ HTTP/1.1" 200 119
[10/Sep/2026 20:14:31] "GET /api/agent/handoffs/9f33c210-b46f-4dc2-a7c7-4da0353b1732/ HTTP/1.1" 200 119
[10/Sep/2026 20:14:33] "OPTIONS /api/agent/handoffs/9f33c210-b46f-4dc2-a7c7-4da0353b1732/ HTTP/1.1" 200 161
[10/Sep/2026 20:14:33] "GET /api/agent/handoffs/9f33c210-b46f-4dc2-a7c7-4da0353b1732/ HTTP/1.1" 200 119
[10/Sep/2026 20:14:34] "GET /api/agent/handoffs/9f33c210-b46f-4dc2-a7c7-4da0353b1732/ HTTP/1.1" 200 119
[10/Sep/2026 20:14:36] "GET /api/agent/handoffs/9f33c210-b46f-4dc2-a7c7-4da0353b1732/ HTTP/1.1" 200 119
[10/Sep/2026 20:14:37] "GET /api/agent/handoffs/9f33c210-b46f-4dc2-a7c7-4da0353b1732/ HTTP/1.1" 200 119
[10/Sep/2026 20:14:39] "OPTIONS /api/agent/handoffs/9f33c210-b46f-4dc2-a7c7-4da0353b1732/ HTTP/1.1" 200 161
[10/Sep/2026 20:14:39] "GET /api/agent/handoffs/9f33c210-b46f-4dc2-a7c7-4da0353b1732/ HTTP/1.1" 200 119
[10/Sep/2026 20:14:40] "GET /api/agent/handoffs/9f33c210-b46f-4dc2-a7c7-4da0353b1732/ HTTP/1.1" 200 119
[10/Sep/2026 20:14:42] "GET /api/agent/handoffs/9f33c210-b46f-4dc2-a7c7-4da0353b1732/ HTTP/1.1" 200 119
[10/Sep/2026 20:14:43] "GET /api/agent/handoffs/9f33c210-b46f-4dc2-a7c7-4da0353b1732/ HTTP/1.1" 200 119
[10/Sep/2026 20:14:45] "OPTIONS /api/agent/handoffs/9f33c210-b46f-4dc2-a7c7-4da0353b1732/ HTTP/1.1" 200 161
[10/Sep/2026 20:14:45] "GET /api/agent/handoffs/9f33c210-b46f-4dc2-a7c7-4da0353b1732/ HTTP/1.1" 200 119
[10/Sep/2026 20:14:46] "GET /api/agent/handoffs/9f33c210-b46f-4dc2-a7c7-4da0353b1732/ HTTP/1.1" 200 119
[10/Sep/2026 20:14:48] "GET /api/agent/handoffs/9f33c210-b46f-4dc2-a7c7-4da0353b1732/ HTTP/1.1" 200 119
[10/Sep/2026 20:14:49] "GET /api/agent/handoffs/9f33c210-b46f-4dc2-a7c7-4da0353b1732/ HTTP/1.1" 200 119
[10/Sep/2026 20:14:51] "OPTIONS /api/agent/handoffs/9f33c210-b46f-4dc2-a7c7-4da0353b1732/ HTTP/1.1" 200 161
[10/Sep/2026 20:14:51] "GET /api/agent/handoffs/9f33c210-b46f-4dc2-a7c7-4da0353b1732/ HTTP/1.1" 200 119
[10/Sep/2026 20:14:52] "GET /api/agent/handoffs/9f33c210-b46f-4dc2-a7c7-4da0353b1732/ HTTP/1.1" 200 119
[10/Sep/2026 20:14:54] "GET /api/agent/handoffs/9f33c210-b46f-4dc2-a7c7-4da0353b1732/ HTTP/1.1" 200 119
[10/Sep/2026 20:14:55] "GET /api/agent/handoffs/9f33c210-b46f-4dc2-a7c7-4da0353b1732/ HTTP/1.1" 200 119
[10/Sep/2026 20:14:57] "OPTIONS /api/agent/handoffs/9f33c210-b46f-4dc2-a7c7-4da0353b1732/ HTTP/1.1" 200 161
[10/Sep/2026 20:14:57] "GET /api/agent/handoffs/9f33c210-b46f-4dc2-a7c7-4da0353b1732/ HTTP/1.1" 200 119
[10/Sep/2026 20:14:58] "GET /api/agent/handoffs/9f33c210-b46f-4dc2-a7c7-4da0353b1732/ HTTP/1.1" 200 119
[10/Sep/2026 20:15:00] "GET /api/agent/handoffs/9f33c210-b46f-4dc2-a7c7-4da0353b1732/ HTTP/1.1" 200 119
[10/Sep/2026 20:15:01] "GET /api/agent/handoffs/9f33c210-b46f-4dc2-a7c7-4da0353b1732/ HTTP/1.1" 200 119
[10/Sep/2026 20:15:03] "OPTIONS /api/agent/handoffs/9f33c210-b46f-4dc2-a7c7-4da0353b1732/ HTTP/1.1" 200 161
[10/Sep/2026 20:15:03] "GET /api/agent/handoffs/9f33c210-b46f-4dc2-a7c7-4da0353b1732/ HTTP/1.1" 200 119
[10/Sep/2026 20:15:04] "GET /api/agent/handoffs/9f33c210-b46f-4dc2-a7c7-4da0353b1732/ HTTP/1.1" 200 119
[10/Sep/2026 20:15:06] "GET /api/agent/handoffs/9f33c210-b46f-4dc2-a7c7-4da0353b1732/ HTTP/1.1" 200 119
[10/Sep/2026 20:15:07] "GET /api/agent/handoffs/9f33c210-b46f-4dc2-a7c7-4da0353b1732/ HTTP/1.1" 200 119
[10/Sep/2026 20:15:09] "OPTIONS /api/agent/handoffs/9f33c210-b46f-4dc2-a7c7-4da0353b1732/ HTTP/1.1" 200 161
[10/Sep/2026 20:15:09] "GET /api/agent/handoffs/9f33c210-b46f-4dc2-a7c7-4da0353b1732/ HTTP/1.1" 200 119
[10/Sep/2026 20:15:10] "GET /api/agent/handoffs/9f33c210-b46f-4dc2-a7c7-4da0353b1732/ HTTP/1.1" 200 119
[10/Sep/2026 20:15:30] "OPTIONS /api/agent/handoffs/9f33c210-b46f-4dc2-a7c7-4da0353b1732/ HTTP/1.1" 200 161
[10/Sep/2026 20:15:30] "GET /api/agent/handoffs/9f33c210-b46f-4dc2-a7c7-4da0353b1732/ HTTP/1.1" 200 119
[10/Sep/2026 20:16:30] "OPTIONS /api/agent/handoffs/9f33c210-b46f-4dc2-a7c7-4da0353b1732/ HTTP/1.1" 200 161
[10/Sep/2026 20:16:30] "GET /api/agent/handoffs/9f33c210-b46f-4dc2-a7c7-4da0353b1732/ HTTP/1.1" 200 119
[10/Sep/2026 20:17:30] "OPTIONS /api/agent/handoffs/9f33c210-b46f-4dc2-a7c7-4da0353b1732/ HTTP/1.1" 200 161
[10/Sep/2026 20:17:30] "GET /api/agent/handoffs/9f33c210-b46f-4dc2-a7c7-4da0353b1732/ HTTP/1.1" 200 119
[10/Sep/2026 20:18:30] "OPTIONS /api/agent/handoffs/9f33c210-b46f-4dc2-a7c7-4da0353b1732/ HTTP/1.1" 200 161
[10/Sep/2026 20:18:30] "GET /api/agent/handoffs/9f33c210-b46f-4dc2-a7c7-4da0353b1732/ HTTP/1.1" 200 119
[10/Sep/2026 20:19:30] "OPTIONS /api/agent/handoffs/9f33c210-b46f-4dc2-a7c7-4da0353b1732/ HTTP/1.1" 200 161
[10/Sep/2026 20:19:30] "GET /api/agent/handoffs/9f33c210-b46f-4dc2-a7c7-4da0353b1732/ HTTP/1.1" 200 119
[10/Sep/2026 20:20:26] "OPTIONS /api/agent/handoffs/9f33c210-b46f-4dc2-a7c7-4da0353b1732/ HTTP/1.1" 200 161
[10/Sep/2026 20:20:26] "GET /api/agent/handoffs/9f33c210-b46f-4dc2-a7c7-4da0353b1732/ HTTP/1.1" 200 119
[10/Sep/2026 20:20:27] "GET /api/agent/handoffs/9f33c210-b46f-4dc2-a7c7-4da0353b1732/ HTTP/1.1" 200 119
[10/Sep/2026 20:20:28] "GET /api/agent/handoffs/9f33c210-b46f-4dc2-a7c7-4da0353b1732/ HTTP/1.1" 200 119
[10/Sep/2026 20:20:30] "GET /api/agent/handoffs/9f33c210-b46f-4dc2-a7c7-4da0353b1732/ HTTP/1.1" 200 119
[10/Sep/2026 20:20:31] "OPTIONS /api/agent/handoffs/9f33c210-b46f-4dc2-a7c7-4da0353b1732/ HTTP/1.1" 200 161
[10/Sep/2026 20:20:31] "GET /api/agent/handoffs/9f33c210-b46f-4dc2-a7c7-4da0353b1732/ HTTP/1.1" 200 119
[10/Sep/2026 20:20:33] "GET /api/agent/handoffs/9f33c210-b46f-4dc2-a7c7-4da0353b1732/ HTTP/1.1" 200 119
[10/Sep/2026 20:20:34] "GET /api/agent/handoffs/9f33c210-b46f-4dc2-a7c7-4da0353b1732/ HTTP/1.1" 200 119
[10/Sep/2026 20:20:36] "GET /api/agent/handoffs/9f33c210-b46f-4dc2-a7c7-4da0353b1732/ HTTP/1.1" 200 119
[10/Sep/2026 20:20:37] "OPTIONS /api/agent/handoffs/9f33c210-b46f-4dc2-a7c7-4da0353b1732/ HTTP/1.1" 200 161
[10/Sep/2026 20:20:37] "GET /api/agent/handoffs/9f33c210-b46f-4dc2-a7c7-4da0353b1732/ HTTP/1.1" 200 119
[10/Sep/2026 20:20:39] "GET /api/agent/handoffs/9f33c210-b46f-4dc2-a7c7-4da0353b1732/ HTTP/1.1" 200 119
[10/Sep/2026 20:20:40] "GET /api/agent/handoffs/9f33c210-b46f-4dc2-a7c7-4da0353b1732/ HTTP/1.1" 200 119
[10/Sep/2026 20:20:42] "GET /api/agent/handoffs/9f33c210-b46f-4dc2-a7c7-4da0353b1732/ HTTP/1.1" 200 119
[10/Sep/2026 20:20:43] "OPTIONS /api/agent/handoffs/9f33c210-b46f-4dc2-a7c7-4da0353b1732/ HTTP/1.1" 200 161
[10/Sep/2026 20:20:43] "GET /api/agent/handoffs/9f33c210-b46f-4dc2-a7c7-4da0353b1732/ HTTP/1.1" 200 119
[10/Sep/2026 20:20:45] "GET /api/agent/handoffs/9f33c210-b46f-4dc2-a7c7-4da0353b1732/ HTTP/1.1" 200 119
[10/Sep/2026 20:20:46] "GET /api/agent/handoffs/9f33c210-b46f-4dc2-a7c7-4da0353b1732/ HTTP/1.1" 200 119
[10/Sep/2026 20:20:48] "GET /api/agent/handoffs/9f33c210-b46f-4dc2-a7c7-4da0353b1732/ HTTP/1.1" 200 119
[10/Sep/2026 20:20:49] "OPTIONS /api/agent/handoffs/9f33c210-b46f-4dc2-a7c7-4da0353b1732/ HTTP/1.1" 200 161
[10/Sep/2026 20:20:49] "GET /api/agent/handoffs/9f33c210-b46f-4dc2-a7c7-4da0353b1732/ HTTP/1.1" 200 119
[10/Sep/2026 20:20:51] "GET /api/agent/handoffs/9f33c210-b46f-4dc2-a7c7-4da0353b1732/ HTTP/1.1" 200 119
[10/Sep/2026 20:20:52] "GET /api/agent/handoffs/9f33c210-b46f-4dc2-a7c7-4da0353b1732/ HTTP/1.1" 200 119
[10/Sep/2026 20:20:54] "GET /api/agent/handoffs/9f33c210-b46f-4dc2-a7c7-4da0353b1732/ HTTP/1.1" 200 119
[10/Sep/2026 20:20:55] "OPTIONS /api/agent/handoffs/9f33c210-b46f-4dc2-a7c7-4da0353b1732/ HTTP/1.1" 200 161
[10/Sep/2026 20:20:55] "GET /api/agent/handoffs/9f33c210-b46f-4dc2-a7c7-4da0353b1732/ HTTP/1.1" 200 119
[10/Sep/2026 20:20:57] "GET /api/agent/handoffs/9f33c210-b46f-4dc2-a7c7-4da0353b1732/ HTTP/1.1" 200 119
[10/Sep/2026 20:20:58] "GET /api/agent/handoffs/9f33c210-b46f-4dc2-a7c7-4da0353b1732/ HTTP/1.1" 200 119
[10/Sep/2026 20:21:00] "GET /api/agent/handoffs/9f33c210-b46f-4dc2-a7c7-4da0353b1732/ HTTP/1.1" 200 119
[10/Sep/2026 20:21:01] "OPTIONS /api/agent/handoffs/9f33c210-b46f-4dc2-a7c7-4da0353b1732/ HTTP/1.1" 200 161
[10/Sep/2026 20:21:01] "GET /api/agent/handoffs/9f33c210-b46f-4dc2-a7c7-4da0353b1732/ HTTP/1.1" 200 119
[10/Sep/2026 20:21:03] "GET /api/agent/handoffs/9f33c210-b46f-4dc2-a7c7-4da0353b1732/ HTTP/1.1" 200 119
[10/Sep/2026 20:21:04] "GET /api/agent/handoffs/9f33c210-b46f-4dc2-a7c7-4da0353b1732/ HTTP/1.1" 200 119
[10/Sep/2026 20:21:06] "OPTIONS /api/agent/handoffs/9f33c210-b46f-4dc2-a7c7-4da0353b1732/ HTTP/1.1" 200 161
[10/Sep/2026 20:21:06] "GET /api/agent/handoffs/9f33c210-b46f-4dc2-a7c7-4da0353b1732/ HTTP/1.1" 200 119
[10/Sep/2026 20:21:07] "GET /api/agent/handoffs/9f33c210-b46f-4dc2-a7c7-4da0353b1732/ HTTP/1.1" 200 119
[10/Sep/2026 20:21:09] "GET /api/agent/handoffs/9f33c210-b46f-4dc2-a7c7-4da0353b1732/ HTTP/1.1" 200 119
[10/Sep/2026 20:21:10] "GET /api/agent/handoffs/9f33c210-b46f-4dc2-a7c7-4da0353b1732/ HTTP/1.1" 200 119
[10/Sep/2026 20:21:12] "OPTIONS /api/agent/handoffs/9f33c210-b46f-4dc2-a7c7-4da0353b1732/ HTTP/1.1" 200 161
[10/Sep/2026 20:21:12] "GET /api/agent/handoffs/9f33c210-b46f-4dc2-a7c7-4da0353b1732/ HTTP/1.1" 200 119
[10/Sep/2026 20:21:13] "GET /api/agent/handoffs/9f33c210-b46f-4dc2-a7c7-4da0353b1732/ HTTP/1.1" 200 119
[10/Sep/2026 20:21:15] "GET /api/agent/handoffs/9f33c210-b46f-4dc2-a7c7-4da0353b1732/ HTTP/1.1" 200 119
[10/Sep/2026 20:21:16] "GET /api/agent/handoffs/9f33c210-b46f-4dc2-a7c7-4da0353b1732/ HTTP/1.1" 200 119
[10/Sep/2026 20:21:18] "OPTIONS /api/agent/handoffs/9f33c210-b46f-4dc2-a7c7-4da0353b1732/ HTTP/1.1" 200 161
[10/Sep/2026 20:21:18] "GET /api/agent/handoffs/9f33c210-b46f-4dc2-a7c7-4da0353b1732/ HTTP/1.1" 200 119
[10/Sep/2026 20:21:19] "GET /api/agent/handoffs/9f33c210-b46f-4dc2-a7c7-4da0353b1732/ HTTP/1.1" 200 119
[10/Sep/2026 20:21:21] "GET /api/agent/handoffs/9f33c210-b46f-4dc2-a7c7-4da0353b1732/ HTTP/1.1" 200 119
[10/Sep/2026 20:21:22] "GET /api/agent/handoffs/9f33c210-b46f-4dc2-a7c7-4da0353b1732/ HTTP/1.1" 200 119
[10/Sep/2026 20:21:24] "OPTIONS /api/agent/handoffs/9f33c210-b46f-4dc2-a7c7-4da0353b1732/ HTTP/1.1" 200 161
[10/Sep/2026 20:21:24] "GET /api/agent/handoffs/9f33c210-b46f-4dc2-a7c7-4da0353b1732/ HTTP/1.1" 200 119
[10/Sep/2026 20:21:25] "GET /api/agent/handoffs/9f33c210-b46f-4dc2-a7c7-4da0353b1732/ HTTP/1.1" 200 119
[10/Sep/2026 20:21:27] "GET /api/agent/handoffs/9f33c210-b46f-4dc2-a7c7-4da0353b1732/ HTTP/1.1" 200 119
[10/Sep/2026 20:21:28] "GET /api/agent/handoffs/9f33c210-b46f-4dc2-a7c7-4da0353b1732/ HTTP/1.1" 200 119
[10/Sep/2026 20:21:30] "OPTIONS /api/agent/handoffs/9f33c210-b46f-4dc2-a7c7-4da0353b1732/ HTTP/1.1" 200 161
[10/Sep/2026 20:21:30] "GET /api/agent/handoffs/9f33c210-b46f-4dc2-a7c7-4da0353b1732/ HTTP/1.1" 200 119
[10/Sep/2026 20:22:30] "OPTIONS /api/agent/handoffs/9f33c210-b46f-4dc2-a7c7-4da0353b1732/ HTTP/1.1" 200 161
[10/Sep/2026 20:22:30] "GET /api/agent/handoffs/9f33c210-b46f-4dc2-a7c7-4da0353b1732/ HTTP/1.1" 200 119
[10/Sep/2026 20:23:01] "OPTIONS /api/agent/handoffs/9f33c210-b46f-4dc2-a7c7-4da0353b1732/ HTTP/1.1" 200 161
[10/Sep/2026 20:23:01] "GET /api/agent/handoffs/9f33c210-b46f-4dc2-a7c7-4da0353b1732/ HTTP/1.1" 200 119
[10/Sep/2026 20:23:01] "GET /api/agent/handoffs/9f33c210-b46f-4dc2-a7c7-4da0353b1732/ HTTP/1.1" 200 119
[10/Sep/2026 20:23:03] "GET /api/agent/handoffs/9f33c210-b46f-4dc2-a7c7-4da0353b1732/ HTTP/1.1" 200 119
[10/Sep/2026 20:23:04] "GET /api/agent/handoffs/9f33c210-b46f-4dc2-a7c7-4da0353b1732/ HTTP/1.1" 200 119
[10/Sep/2026 20:23:06] "OPTIONS /api/agent/handoffs/9f33c210-b46f-4dc2-a7c7-4da0353b1732/ HTTP/1.1" 200 161
[10/Sep/2026 20:23:06] "GET /api/agent/handoffs/9f33c210-b46f-4dc2-a7c7-4da0353b1732/ HTTP/1.1" 200 119
[10/Sep/2026 20:23:07] "GET /api/agent/handoffs/9f33c210-b46f-4dc2-a7c7-4da0353b1732/ HTTP/1.1" 200 119
[10/Sep/2026 20:23:09] "GET /api/agent/handoffs/9f33c210-b46f-4dc2-a7c7-4da0353b1732/ HTTP/1.1" 200 119
[10/Sep/2026 20:23:10] "GET /api/agent/handoffs/9f33c210-b46f-4dc2-a7c7-4da0353b1732/ HTTP/1.1" 200 119
[10/Sep/2026 20:23:12] "OPTIONS /api/agent/handoffs/9f33c210-b46f-4dc2-a7c7-4da0353b1732/ HTTP/1.1" 200 161
[10/Sep/2026 20:23:12] "GET /api/agent/handoffs/9f33c210-b46f-4dc2-a7c7-4da0353b1732/ HTTP/1.1" 200 119
[10/Sep/2026 20:23:13] "GET /api/agent/handoffs/9f33c210-b46f-4dc2-a7c7-4da0353b1732/ HTTP/1.1" 200 119
[10/Sep/2026 20:23:15] "GET /api/agent/handoffs/9f33c210-b46f-4dc2-a7c7-4da0353b1732/ HTTP/1.1" 200 119
[10/Sep/2026 20:23:16] "GET /api/agent/handoffs/9f33c210-b46f-4dc2-a7c7-4da0353b1732/ HTTP/1.1" 200 119
[10/Sep/2026 20:23:18] "OPTIONS /api/agent/handoffs/9f33c210-b46f-4dc2-a7c7-4da0353b1732/ HTTP/1.1" 200 161
[10/Sep/2026 20:23:18] "GET /api/agent/handoffs/9f33c210-b46f-4dc2-a7c7-4da0353b1732/ HTTP/1.1" 200 119
[10/Sep/2026 20:23:19] "GET /api/agent/handoffs/9f33c210-b46f-4dc2-a7c7-4da0353b1732/ HTTP/1.1" 200 119
[10/Sep/2026 20:23:21] "GET /api/agent/handoffs/9f33c210-b46f-4dc2-a7c7-4da0353b1732/ HTTP/1.1" 200 119
[10/Sep/2026 20:23:22] "GET /api/agent/handoffs/9f33c210-b46f-4dc2-a7c7-4da0353b1732/ HTTP/1.1" 200 119
[10/Sep/2026 20:23:24] "OPTIONS /api/agent/handoffs/9f33c210-b46f-4dc2-a7c7-4da0353b1732/ HTTP/1.1" 200 161
[10/Sep/2026 20:23:24] "GET /api/agent/handoffs/9f33c210-b46f-4dc2-a7c7-4da0353b1732/ HTTP/1.1" 200 119
[10/Sep/2026 20:23:25] "GET /api/agent/handoffs/9f33c210-b46f-4dc2-a7c7-4da0353b1732/ HTTP/1.1" 200 119
[10/Sep/2026 20:23:27] "GET /api/agent/handoffs/9f33c210-b46f-4dc2-a7c7-4da0353b1732/ HTTP/1.1" 200 119
[10/Sep/2026 20:23:28] "GET /api/agent/handoffs/9f33c210-b46f-4dc2-a7c7-4da0353b1732/ HTTP/1.1" 200 119
[10/Sep/2026 20:23:30] "OPTIONS /api/agent/handoffs/9f33c210-b46f-4dc2-a7c7-4da0353b1732/ HTTP/1.1" 200 161
[10/Sep/2026 20:23:30] "GET /api/agent/handoffs/9f33c210-b46f-4dc2-a7c7-4da0353b1732/ HTTP/1.1" 200 119
[10/Sep/2026 20:23:31] "GET /api/agent/handoffs/9f33c210-b46f-4dc2-a7c7-4da0353b1732/ HTTP/1.1" 200 119
[10/Sep/2026 20:23:33] "GET /api/agent/handoffs/9f33c210-b46f-4dc2-a7c7-4da0353b1732/ HTTP/1.1" 200 119
[10/Sep/2026 20:23:34] "GET /api/agent/handoffs/9f33c210-b46f-4dc2-a7c7-4da0353b1732/ HTTP/1.1" 200 119
[10/Sep/2026 20:23:36] "OPTIONS /api/agent/handoffs/9f33c210-b46f-4dc2-a7c7-4da0353b1732/ HTTP/1.1" 200 161
[10/Sep/2026 20:23:36] "GET /api/agent/handoffs/9f33c210-b46f-4dc2-a7c7-4da0353b1732/ HTTP/1.1" 200 119
[10/Sep/2026 20:23:37] "GET /api/agent/handoffs/9f33c210-b46f-4dc2-a7c7-4da0353b1732/ HTTP/1.1" 200 119
[10/Sep/2026 20:23:39] "GET /api/agent/handoffs/9f33c210-b46f-4dc2-a7c7-4da0353b1732/ HTTP/1.1" 200 119
[10/Sep/2026 20:23:40] "GET /api/agent/handoffs/9f33c210-b46f-4dc2-a7c7-4da0353b1732/ HTTP/1.1" 200 119
[10/Sep/2026 20:23:42] "OPTIONS /api/agent/handoffs/9f33c210-b46f-4dc2-a7c7-4da0353b1732/ HTTP/1.1" 200 161
[10/Sep/2026 20:23:42] "GET /api/agent/handoffs/9f33c210-b46f-4dc2-a7c7-4da0353b1732/ HTTP/1.1" 200 119
[10/Sep/2026 20:23:43] "GET /api/agent/handoffs/9f33c210-b46f-4dc2-a7c7-4da0353b1732/ HTTP/1.1" 200 119
[10/Sep/2026 20:23:45] "GET /api/agent/handoffs/9f33c210-b46f-4dc2-a7c7-4da0353b1732/ HTTP/1.1" 200 119
[10/Sep/2026 20:23:46] "GET /api/agent/handoffs/9f33c210-b46f-4dc2-a7c7-4da0353b1732/ HTTP/1.1" 200 119
[10/Sep/2026 20:23:48] "OPTIONS /api/agent/handoffs/9f33c210-b46f-4dc2-a7c7-4da0353b1732/ HTTP/1.1" 200 161
[10/Sep/2026 20:23:48] "GET /api/agent/handoffs/9f33c210-b46f-4dc2-a7c7-4da0353b1732/ HTTP/1.1" 200 119
[10/Sep/2026 20:23:49] "GET /api/agent/handoffs/9f33c210-b46f-4dc2-a7c7-4da0353b1732/ HTTP/1.1" 200 119
[10/Sep/2026 20:23:51] "GET /api/agent/handoffs/9f33c210-b46f-4dc2-a7c7-4da0353b1732/ HTTP/1.1" 200 119
[10/Sep/2026 20:23:52] "GET /api/agent/handoffs/9f33c210-b46f-4dc2-a7c7-4da0353b1732/ HTTP/1.1" 200 119
[10/Sep/2026 20:23:54] "OPTIONS /api/agent/handoffs/9f33c210-b46f-4dc2-a7c7-4da0353b1732/ HTTP/1.1" 200 161
[10/Sep/2026 20:23:54] "GET /api/agent/handoffs/9f33c210-b46f-4dc2-a7c7-4da0353b1732/ HTTP/1.1" 200 119
[10/Sep/2026 20:23:55] "GET /api/agent/handoffs/9f33c210-b46f-4dc2-a7c7-4da0353b1732/ HTTP/1.1" 200 119
[10/Sep/2026 20:23:57] "GET /api/agent/handoffs/9f33c210-b46f-4dc2-a7c7-4da0353b1732/ HTTP/1.1" 200 119
[10/Sep/2026 20:23:58] "GET /api/agent/handoffs/9f33c210-b46f-4dc2-a7c7-4da0353b1732/ HTTP/1.1" 200 119
[10/Sep/2026 20:24:00] "OPTIONS /api/agent/handoffs/9f33c210-b46f-4dc2-a7c7-4da0353b1732/ HTTP/1.1" 200 161
[10/Sep/2026 20:24:00] "GET /api/agent/handoffs/9f33c210-b46f-4dc2-a7c7-4da0353b1732/ HTTP/1.1" 200 119
[10/Sep/2026 20:24:30] "OPTIONS /api/agent/handoffs/9f33c210-b46f-4dc2-a7c7-4da0353b1732/ HTTP/1.1" 200 161
[10/Sep/2026 20:24:30] "GET /api/agent/handoffs/9f33c210-b46f-4dc2-a7c7-4da0353b1732/ HTTP/1.1" 200 119
[10/Sep/2026 20:25:30] "OPTIONS /api/agent/handoffs/9f33c210-b46f-4dc2-a7c7-4da0353b1732/ HTTP/1.1" 200 161
[10/Sep/2026 20:25:30] "GET /api/agent/handoffs/9f33c210-b46f-4dc2-a7c7-4da0353b1732/ HTTP/1.1" 200 119
[10/Sep/2026 20:26:30] "OPTIONS /api/agent/handoffs/9f33c210-b46f-4dc2-a7c7-4da0353b1732/ HTTP/1.1" 200 161
[10/Sep/2026 20:26:30] "GET /api/agent/handoffs/9f33c210-b46f-4dc2-a7c7-4da0353b1732/ HTTP/1.1" 200 119
[10/Sep/2026 20:27:30] "OPTIONS /api/agent/handoffs/9f33c210-b46f-4dc2-a7c7-4da0353b1732/ HTTP/1.1" 200 161
[10/Sep/2026 20:27:30] "GET /api/agent/handoffs/9f33c210-b46f-4dc2-a7c7-4da0353b1732/ HTTP/1.1" 200 119
[10/Sep/2026 20:28:30] "OPTIONS /api/agent/handoffs/9f33c210-b46f-4dc2-a7c7-4da0353b1732/ HTTP/1.1" 200 161
[10/Sep/2026 20:28:30] "GET /api/agent/handoffs/9f33c210-b46f-4dc2-a7c7-4da0353b1732/ HTTP/1.1" 200 119
[10/Sep/2026 20:29:30] "OPTIONS /api/agent/handoffs/9f33c210-b46f-4dc2-a7c7-4da0353b1732/ HTTP/1.1" 200 161
[10/Sep/2026 20:29:30] "GET /api/agent/handoffs/9f33c210-b46f-4dc2-a7c7-4da0353b1732/ HTTP/1.1" 200 119
[10/Sep/2026 20:30:30] "OPTIONS /api/agent/handoffs/9f33c210-b46f-4dc2-a7c7-4da0353b1732/ HTTP/1.1" 200 161
[10/Sep/2026 20:30:30] "GET /api/agent/handoffs/9f33c210-b46f-4dc2-a7c7-4da0353b1732/ HTTP/1.1" 200 119
[10/Sep/2026 20:31:30] "OPTIONS /api/agent/handoffs/9f33c210-b46f-4dc2-a7c7-4da0353b1732/ HTTP/1.1" 200 161
[10/Sep/2026 20:31:30] "GET /api/agent/handoffs/9f33c210-b46f-4dc2-a7c7-4da0353b1732/ HTTP/1.1" 200 119
[10/Sep/2026 20:32:30] "OPTIONS /api/agent/handoffs/9f33c210-b46f-4dc2-a7c7-4da0353b1732/ HTTP/1.1" 200 161
[10/Sep/2026 20:32:30] "GET /api/agent/handoffs/9f33c210-b46f-4dc2-a7c7-4da0353b1732/ HTTP/1.1" 200 119
[10/Sep/2026 20:32:34] "GET /api/agent/handoffs/9f33c210-b46f-4dc2-a7c7-4da0353b1732/ HTTP/1.1" 200 119
[10/Sep/2026 20:32:34] "GET /api/agent/handoffs/9f33c210-b46f-4dc2-a7c7-4da0353b1732/ HTTP/1.1" 200 119
[10/Sep/2026 20:32:38] "OPTIONS /api/health/ HTTP/1.1" 200 153
[10/Sep/2026 20:32:38] "OPTIONS /api/miso/subscription-key/ HTTP/1.1" 200 166
[10/Sep/2026 20:32:38] "GET /api/health/ HTTP/1.1" 200 59
[10/Sep/2026 20:32:38] "OPTIONS /api/health/ HTTP/1.1" 200 153
[10/Sep/2026 20:32:38] "OPTIONS /api/miso/subscription-key/ HTTP/1.1" 200 166
[10/Sep/2026 20:32:38] "GET /api/miso/subscription-key/ HTTP/1.1" 200 223
[10/Sep/2026 20:32:38] "GET /api/health/ HTTP/1.1" 200 59
[10/Sep/2026 20:32:38] "GET /api/miso/subscription-key/ HTTP/1.1" 200 223
[10/Sep/2026 20:32:42] "OPTIONS /api/chat/ HTTP/1.1" 200 151
[10/Sep/2026 20:32:44] "POST /api/chat/ HTTP/1.1" 200 970
[10/Sep/2026 20:32:44] "OPTIONS /api/agent/sessions/ HTTP/1.1" 200 247
[10/Sep/2026 20:32:44] "GET /api/agent/sessions/ HTTP/1.1" 200 6428
[10/Sep/2026 20:32:57] "OPTIONS /api/chat/ HTTP/1.1" 200 151
[10/Sep/2026 20:32:59] "POST /api/chat/ HTTP/1.1" 200 1272
[10/Sep/2026 20:32:59] "OPTIONS /api/agent/sessions/ HTTP/1.1" 200 247
[10/Sep/2026 20:32:59] "GET /api/agent/sessions/ HTTP/1.1" 200 6444
[10/Sep/2026 20:33:08] "GET /api/tariff/pdf/ HTTP/1.1" 200 98968625
[10/Sep/2026 20:33:24] "OPTIONS /api/chat/ HTTP/1.1" 200 151
[10/Sep/2026 20:33:25] "POST /api/chat/ HTTP/1.1" 200 5432
[10/Sep/2026 20:33:25] "OPTIONS /api/agent/sessions/ HTTP/1.1" 200 247
[10/Sep/2026 20:33:25] "GET /api/agent/sessions/ HTTP/1.1" 200 6449
C:\Projects\Circle City\mis-insight-2\miso-insight\backend\miso_agent\services\reports.py changed, reloading.
Watching for file changes with StatReloader
C:\Projects\Circle City\mis-insight-2\miso-insight\backend\miso_agent\services\agent.py changed, reloading.
Watching for file changes with StatReloader
[10/Sep/2026 20:58:40] "OPTIONS /api/chat/ HTTP/1.1" 200 151
[10/Sep/2026 20:58:41] "POST /api/chat/ HTTP/1.1" 200 560
[10/Sep/2026 20:58:41] "OPTIONS /api/agent/sessions/ HTTP/1.1" 200 247
[10/Sep/2026 20:58:42] "GET /api/agent/sessions/ HTTP/1.1" 200 6428
[10/Sep/2026 21:04:07] "OPTIONS /api/chat/ HTTP/1.1" 200 151
[10/Sep/2026 21:04:07] "POST /api/chat/ HTTP/1.1" 200 5372
[10/Sep/2026 21:04:07] "OPTIONS /api/agent/sessions/ HTTP/1.1" 200 247
[10/Sep/2026 21:04:07] "GET /api/agent/sessions/ HTTP/1.1" 200 6474
C:\Projects\Circle City\mis-insight-2\miso-insight\backend\miso_agent\services\agent.py changed, reloading.
Watching for file changes with StatReloader
C:\Projects\Circle City\mis-insight-2\miso-insight\backend\miso_agent\services\errors.py changed, reloading.
Watching for file changes with StatReloader
C:\Projects\Circle City\mis-insight-2\miso-insight\backend\miso_agent\services\agent.py changed, reloading.
Watching for file changes with StatReloader
[11/Sep/2026 08:21:53] "OPTIONS /api/health/ HTTP/1.1" 200 153
[11/Sep/2026 08:21:53] "OPTIONS /api/miso/subscription-key/ HTTP/1.1" 200 166
[11/Sep/2026 08:21:53] "OPTIONS /api/miso/subscription-key/ HTTP/1.1" 200 166
[11/Sep/2026 08:21:53] "OPTIONS /api/health/ HTTP/1.1" 200 153
[11/Sep/2026 08:21:53] "GET /api/health/ HTTP/1.1" 200 59
[11/Sep/2026 08:21:53] "GET /api/miso/subscription-key/ HTTP/1.1" 200 223
[11/Sep/2026 08:21:53] "GET /api/miso/subscription-key/ HTTP/1.1" 200 223
[11/Sep/2026 08:21:53] "GET /api/health/ HTTP/1.1" 200 59
[11/Sep/2026 08:22:04] "OPTIONS /api/chat/ HTTP/1.1" 200 151
[11/Sep/2026 08:22:05] "POST /api/chat/ HTTP/1.1" 200 3033
[11/Sep/2026 08:22:05] "OPTIONS /api/agent/sessions/ HTTP/1.1" 200 247
[11/Sep/2026 08:22:05] "GET /api/agent/sessions/ HTTP/1.1" 200 6467
[11/Sep/2026 08:22:24] "OPTIONS /api/chat/ HTTP/1.1" 200 151
[11/Sep/2026 08:22:25] "POST /api/chat/ HTTP/1.1" 200 425502
[11/Sep/2026 08:22:25] "OPTIONS /api/agent/sessions/ HTTP/1.1" 200 247
[11/Sep/2026 08:22:25] "GET /api/agent/sessions/ HTTP/1.1" 200 6469
C:\Projects\Circle City\mis-insight-2\miso-insight\backend\miso_agent\services\agent.py changed, reloading.
Watching for file changes with StatReloader
[11/Sep/2026 08:24:22] "OPTIONS /api/miso/subscription-key/ HTTP/1.1" 200 166
[11/Sep/2026 08:24:22] "OPTIONS /api/health/ HTTP/1.1" 200 153
[11/Sep/2026 08:24:22] "GET /api/miso/subscription-key/ HTTP/1.1" 200 223
[11/Sep/2026 08:24:22] "GET /api/health/ HTTP/1.1" 200 59
[11/Sep/2026 08:24:28] "OPTIONS /api/chat/ HTTP/1.1" 200 151
[11/Sep/2026 08:24:43] "POST /api/chat/ HTTP/1.1" 200 3940
[11/Sep/2026 08:24:43] "OPTIONS /api/agent/sessions/ HTTP/1.1" 200 247
[11/Sep/2026 08:24:43] "OPTIONS /api/agent/handoffs/ffee25f1-b3cd-47c3-9d63-d8361b88360f/ HTTP/1.1" 200 161
[11/Sep/2026 08:24:43,486] - Broken pipe from ('127.0.0.1', 7642)
[11/Sep/2026 08:24:43] "OPTIONS /api/agent/handoffs/ffee25f1-b3cd-47c3-9d63-d8361b88360f/ HTTP/1.1" 200 161
[11/Sep/2026 08:24:43,486] - Broken pipe from ('127.0.0.1', 26457)
[11/Sep/2026 08:24:43] "GET /api/agent/handoffs/ffee25f1-b3cd-47c3-9d63-d8361b88360f/ HTTP/1.1" 200 119
[11/Sep/2026 08:24:43] "GET /api/agent/handoffs/ffee25f1-b3cd-47c3-9d63-d8361b88360f/ HTTP/1.1" 200 119
[11/Sep/2026 08:24:43] "GET /api/agent/sessions/ HTTP/1.1" 200 6453
[11/Sep/2026 08:24:44] "GET /api/agent/handoffs/ffee25f1-b3cd-47c3-9d63-d8361b88360f/ HTTP/1.1" 200 119
[11/Sep/2026 08:24:46] "GET /api/agent/handoffs/ffee25f1-b3cd-47c3-9d63-d8361b88360f/ HTTP/1.1" 200 119
[11/Sep/2026 08:24:47] "GET /api/agent/handoffs/ffee25f1-b3cd-47c3-9d63-d8361b88360f/ HTTP/1.1" 200 119
[11/Sep/2026 08:24:49] "OPTIONS /api/agent/handoffs/ffee25f1-b3cd-47c3-9d63-d8361b88360f/ HTTP/1.1" 200 161
[11/Sep/2026 08:24:49] "GET /api/agent/handoffs/ffee25f1-b3cd-47c3-9d63-d8361b88360f/ HTTP/1.1" 200 119
[11/Sep/2026 08:24:50] "GET /api/agent/handoffs/ffee25f1-b3cd-47c3-9d63-d8361b88360f/ HTTP/1.1" 200 119
[11/Sep/2026 08:24:52] "GET /api/agent/handoffs/ffee25f1-b3cd-47c3-9d63-d8361b88360f/ HTTP/1.1" 200 119
[11/Sep/2026 08:24:53] "GET /api/agent/handoffs/ffee25f1-b3cd-47c3-9d63-d8361b88360f/ HTTP/1.1" 200 119
[11/Sep/2026 08:24:55] "OPTIONS /api/agent/handoffs/ffee25f1-b3cd-47c3-9d63-d8361b88360f/ HTTP/1.1" 200 161
[11/Sep/2026 08:24:55] "GET /api/agent/handoffs/ffee25f1-b3cd-47c3-9d63-d8361b88360f/ HTTP/1.1" 200 119
[11/Sep/2026 08:24:56] "GET /api/agent/handoffs/ffee25f1-b3cd-47c3-9d63-d8361b88360f/ HTTP/1.1" 200 119
[11/Sep/2026 08:24:58] "GET /api/agent/handoffs/ffee25f1-b3cd-47c3-9d63-d8361b88360f/ HTTP/1.1" 200 119
[11/Sep/2026 08:25:00] "OPTIONS /api/agent/handoffs/ffee25f1-b3cd-47c3-9d63-d8361b88360f/ HTTP/1.1" 200 161
[11/Sep/2026 08:25:00] "GET /api/agent/handoffs/ffee25f1-b3cd-47c3-9d63-d8361b88360f/ HTTP/1.1" 200 119
[11/Sep/2026 08:25:01] "GET /api/agent/handoffs/ffee25f1-b3cd-47c3-9d63-d8361b88360f/ HTTP/1.1" 200 119
[11/Sep/2026 08:25:03] "GET /api/agent/handoffs/ffee25f1-b3cd-47c3-9d63-d8361b88360f/ HTTP/1.1" 200 119
[11/Sep/2026 08:25:04] "GET /api/agent/handoffs/ffee25f1-b3cd-47c3-9d63-d8361b88360f/ HTTP/1.1" 200 119
[11/Sep/2026 08:25:06] "OPTIONS /api/agent/handoffs/ffee25f1-b3cd-47c3-9d63-d8361b88360f/ HTTP/1.1" 200 161
[11/Sep/2026 08:25:06] "GET /api/agent/handoffs/ffee25f1-b3cd-47c3-9d63-d8361b88360f/ HTTP/1.1" 200 119
[11/Sep/2026 08:25:07] "GET /api/agent/handoffs/ffee25f1-b3cd-47c3-9d63-d8361b88360f/ HTTP/1.1" 200 119
[11/Sep/2026 08:25:09] "GET /api/agent/handoffs/ffee25f1-b3cd-47c3-9d63-d8361b88360f/ HTTP/1.1" 200 119
[11/Sep/2026 08:25:10] "GET /api/agent/handoffs/ffee25f1-b3cd-47c3-9d63-d8361b88360f/ HTTP/1.1" 200 119
[11/Sep/2026 08:25:12] "OPTIONS /api/agent/handoffs/ffee25f1-b3cd-47c3-9d63-d8361b88360f/ HTTP/1.1" 200 161
[11/Sep/2026 08:25:12] "GET /api/agent/handoffs/ffee25f1-b3cd-47c3-9d63-d8361b88360f/ HTTP/1.1" 200 119
[11/Sep/2026 08:25:13] "GET /api/agent/handoffs/ffee25f1-b3cd-47c3-9d63-d8361b88360f/ HTTP/1.1" 200 119
[11/Sep/2026 08:25:15] "GET /api/agent/handoffs/ffee25f1-b3cd-47c3-9d63-d8361b88360f/ HTTP/1.1" 200 119
[11/Sep/2026 08:25:16] "GET /api/agent/handoffs/ffee25f1-b3cd-47c3-9d63-d8361b88360f/ HTTP/1.1" 200 119
[11/Sep/2026 08:25:18] "OPTIONS /api/agent/handoffs/ffee25f1-b3cd-47c3-9d63-d8361b88360f/ HTTP/1.1" 200 161
[11/Sep/2026 08:25:18] "GET /api/agent/handoffs/ffee25f1-b3cd-47c3-9d63-d8361b88360f/ HTTP/1.1" 200 119
[11/Sep/2026 08:25:19] "GET /api/agent/handoffs/ffee25f1-b3cd-47c3-9d63-d8361b88360f/ HTTP/1.1" 200 119
[11/Sep/2026 08:25:21] "GET /api/agent/handoffs/ffee25f1-b3cd-47c3-9d63-d8361b88360f/ HTTP/1.1" 200 119
[11/Sep/2026 08:25:22] "GET /api/agent/handoffs/ffee25f1-b3cd-47c3-9d63-d8361b88360f/ HTTP/1.1" 200 119
[11/Sep/2026 08:25:24] "OPTIONS /api/agent/handoffs/ffee25f1-b3cd-47c3-9d63-d8361b88360f/ HTTP/1.1" 200 161
[11/Sep/2026 08:25:24] "GET /api/agent/handoffs/ffee25f1-b3cd-47c3-9d63-d8361b88360f/ HTTP/1.1" 200 119
[11/Sep/2026 08:25:25] "GET /api/agent/handoffs/ffee25f1-b3cd-47c3-9d63-d8361b88360f/ HTTP/1.1" 200 119
[11/Sep/2026 08:25:27] "GET /api/agent/handoffs/ffee25f1-b3cd-47c3-9d63-d8361b88360f/ HTTP/1.1" 200 119
[11/Sep/2026 08:25:28] "GET /api/agent/handoffs/ffee25f1-b3cd-47c3-9d63-d8361b88360f/ HTTP/1.1" 200 119
[11/Sep/2026 08:25:30] "OPTIONS /api/agent/handoffs/ffee25f1-b3cd-47c3-9d63-d8361b88360f/ HTTP/1.1" 200 161
[11/Sep/2026 08:25:30] "GET /api/agent/handoffs/ffee25f1-b3cd-47c3-9d63-d8361b88360f/ HTTP/1.1" 200 119
[11/Sep/2026 08:25:31] "GET /api/agent/handoffs/ffee25f1-b3cd-47c3-9d63-d8361b88360f/ HTTP/1.1" 200 119
[11/Sep/2026 08:25:33] "GET /api/agent/handoffs/ffee25f1-b3cd-47c3-9d63-d8361b88360f/ HTTP/1.1" 200 119
[11/Sep/2026 08:25:34] "GET /api/agent/handoffs/ffee25f1-b3cd-47c3-9d63-d8361b88360f/ HTTP/1.1" 200 119
[11/Sep/2026 08:25:36] "OPTIONS /api/agent/handoffs/ffee25f1-b3cd-47c3-9d63-d8361b88360f/ HTTP/1.1" 200 161
[11/Sep/2026 08:25:36] "GET /api/agent/handoffs/ffee25f1-b3cd-47c3-9d63-d8361b88360f/ HTTP/1.1" 200 119
[11/Sep/2026 08:25:37] "GET /api/agent/handoffs/ffee25f1-b3cd-47c3-9d63-d8361b88360f/ HTTP/1.1" 200 119
[11/Sep/2026 08:25:39] "GET /api/agent/handoffs/ffee25f1-b3cd-47c3-9d63-d8361b88360f/ HTTP/1.1" 200 119
[11/Sep/2026 08:25:40] "GET /api/agent/handoffs/ffee25f1-b3cd-47c3-9d63-d8361b88360f/ HTTP/1.1" 200 119
[11/Sep/2026 08:25:42] "OPTIONS /api/agent/handoffs/ffee25f1-b3cd-47c3-9d63-d8361b88360f/ HTTP/1.1" 200 161
[11/Sep/2026 08:25:42] "GET /api/agent/handoffs/ffee25f1-b3cd-47c3-9d63-d8361b88360f/ HTTP/1.1" 200 119
[11/Sep/2026 08:25:43] "GET /api/agent/handoffs/ffee25f1-b3cd-47c3-9d63-d8361b88360f/ HTTP/1.1" 200 119
[11/Sep/2026 08:25:45] "GET /api/agent/handoffs/ffee25f1-b3cd-47c3-9d63-d8361b88360f/ HTTP/1.1" 200 119
[11/Sep/2026 08:25:46] "GET /api/agent/handoffs/ffee25f1-b3cd-47c3-9d63-d8361b88360f/ HTTP/1.1" 200 119
[11/Sep/2026 08:25:48] "OPTIONS /api/agent/handoffs/ffee25f1-b3cd-47c3-9d63-d8361b88360f/ HTTP/1.1" 200 161
[11/Sep/2026 08:25:48] "GET /api/agent/handoffs/ffee25f1-b3cd-47c3-9d63-d8361b88360f/ HTTP/1.1" 200 119
[11/Sep/2026 08:25:49] "GET /api/agent/handoffs/ffee25f1-b3cd-47c3-9d63-d8361b88360f/ HTTP/1.1" 200 119
[11/Sep/2026 08:25:51] "GET /api/agent/handoffs/ffee25f1-b3cd-47c3-9d63-d8361b88360f/ HTTP/1.1" 200 119
[11/Sep/2026 08:25:52] "GET /api/agent/handoffs/ffee25f1-b3cd-47c3-9d63-d8361b88360f/ HTTP/1.1" 200 119
[11/Sep/2026 08:25:54] "OPTIONS /api/agent/handoffs/ffee25f1-b3cd-47c3-9d63-d8361b88360f/ HTTP/1.1" 200 161
[11/Sep/2026 08:25:54] "GET /api/agent/handoffs/ffee25f1-b3cd-47c3-9d63-d8361b88360f/ HTTP/1.1" 200 119
[11/Sep/2026 08:25:55] "GET /api/agent/handoffs/ffee25f1-b3cd-47c3-9d63-d8361b88360f/ HTTP/1.1" 200 119
[11/Sep/2026 08:25:57] "GET /api/agent/handoffs/ffee25f1-b3cd-47c3-9d63-d8361b88360f/ HTTP/1.1" 200 119
[11/Sep/2026 08:25:58] "GET /api/agent/handoffs/ffee25f1-b3cd-47c3-9d63-d8361b88360f/ HTTP/1.1" 200 119
[11/Sep/2026 08:26:30] "OPTIONS /api/agent/handoffs/ffee25f1-b3cd-47c3-9d63-d8361b88360f/ HTTP/1.1" 200 161
[11/Sep/2026 08:26:30] "GET /api/agent/handoffs/ffee25f1-b3cd-47c3-9d63-d8361b88360f/ HTTP/1.1" 200 119
C:\Projects\Circle City\mis-insight-2\miso-insight\backend\miso_agent\services\agent.py changed, reloading.
Watching for file changes with StatReloader
[11/Sep/2026 08:27:29] "OPTIONS /api/agent/handoffs/ffee25f1-b3cd-47c3-9d63-d8361b88360f/ HTTP/1.1" 200 161
[11/Sep/2026 08:27:29] "GET /api/agent/handoffs/ffee25f1-b3cd-47c3-9d63-d8361b88360f/ HTTP/1.1" 200 119
[11/Sep/2026 08:27:29] "GET /api/agent/handoffs/ffee25f1-b3cd-47c3-9d63-d8361b88360f/ HTTP/1.1" 200 119
[11/Sep/2026 08:27:31] "GET /api/agent/handoffs/ffee25f1-b3cd-47c3-9d63-d8361b88360f/ HTTP/1.1" 200 119
[11/Sep/2026 08:27:32] "OPTIONS /api/health/ HTTP/1.1" 200 153
[11/Sep/2026 08:27:32] "OPTIONS /api/miso/subscription-key/ HTTP/1.1" 200 166
[11/Sep/2026 08:27:32] "GET /api/health/ HTTP/1.1" 200 59
[11/Sep/2026 08:27:32] "GET /api/miso/subscription-key/ HTTP/1.1" 200 223
[11/Sep/2026 08:27:44] "OPTIONS /api/chat/ HTTP/1.1" 200 151
[11/Sep/2026 08:27:45] "POST /api/chat/ HTTP/1.1" 200 1011
[11/Sep/2026 08:27:45] "OPTIONS /api/agent/sessions/ HTTP/1.1" 200 247
[11/Sep/2026 08:27:45] "GET /api/agent/sessions/ HTTP/1.1" 200 6432
[11/Sep/2026 08:27:49] "OPTIONS /api/chat/ HTTP/1.1" 200 151
[11/Sep/2026 08:27:50] "POST /api/chat/ HTTP/1.1" 200 424213
[11/Sep/2026 08:27:50] "OPTIONS /api/agent/sessions/ HTTP/1.1" 200 247
[11/Sep/2026 08:27:50] "GET /api/agent/sessions/ HTTP/1.1" 200 6439
[11/Sep/2026 08:28:48] "OPTIONS /api/chat/ HTTP/1.1" 200 151
[11/Sep/2026 08:28:49] "POST /api/chat/ HTTP/1.1" 200 2976
[11/Sep/2026 08:28:49] "OPTIONS /api/agent/sessions/ HTTP/1.1" 200 247
[11/Sep/2026 08:28:49] "GET /api/agent/sessions/ HTTP/1.1" 200 6428
[11/Sep/2026 08:28:49] "OPTIONS /api/agent/handoffs/de05c848-7521-427f-a81a-656e20bb77ee/ HTTP/1.1" 200 161
[11/Sep/2026 08:28:49] "OPTIONS /api/agent/handoffs/de05c848-7521-427f-a81a-656e20bb77ee/ HTTP/1.1" 200 161
[11/Sep/2026 08:28:49] "GET /api/agent/handoffs/de05c848-7521-427f-a81a-656e20bb77ee/ HTTP/1.1" 200 119
[11/Sep/2026 08:28:49] "GET /api/agent/handoffs/de05c848-7521-427f-a81a-656e20bb77ee/ HTTP/1.1" 200 119
[11/Sep/2026 08:28:51] "GET /api/agent/handoffs/de05c848-7521-427f-a81a-656e20bb77ee/ HTTP/1.1" 200 119
[11/Sep/2026 08:28:52] "GET /api/agent/handoffs/de05c848-7521-427f-a81a-656e20bb77ee/ HTTP/1.1" 200 119
[11/Sep/2026 08:28:54] "GET /api/agent/handoffs/de05c848-7521-427f-a81a-656e20bb77ee/ HTTP/1.1" 200 119
[11/Sep/2026 08:28:55] "OPTIONS /api/agent/handoffs/de05c848-7521-427f-a81a-656e20bb77ee/ HTTP/1.1" 200 161
[11/Sep/2026 08:28:55] "GET /api/agent/handoffs/de05c848-7521-427f-a81a-656e20bb77ee/ HTTP/1.1" 200 119
[11/Sep/2026 08:28:57] "GET /api/agent/handoffs/de05c848-7521-427f-a81a-656e20bb77ee/ HTTP/1.1" 200 119
[11/Sep/2026 08:28:58] "GET /api/agent/handoffs/de05c848-7521-427f-a81a-656e20bb77ee/ HTTP/1.1" 200 119
[11/Sep/2026 08:29:00] "GET /api/agent/handoffs/de05c848-7521-427f-a81a-656e20bb77ee/ HTTP/1.1" 200 119
[11/Sep/2026 08:29:01] "OPTIONS /api/agent/handoffs/de05c848-7521-427f-a81a-656e20bb77ee/ HTTP/1.1" 200 161
[11/Sep/2026 08:29:01] "GET /api/agent/handoffs/de05c848-7521-427f-a81a-656e20bb77ee/ HTTP/1.1" 200 119
[11/Sep/2026 08:29:14] "OPTIONS /api/health/ HTTP/1.1" 200 153
[11/Sep/2026 08:29:14] "OPTIONS /api/miso/subscription-key/ HTTP/1.1" 200 166
[11/Sep/2026 08:29:14] "GET /api/health/ HTTP/1.1" 200 59
[11/Sep/2026 08:29:14] "GET /api/miso/subscription-key/ HTTP/1.1" 200 223
[11/Sep/2026 08:29:36] "OPTIONS /api/chat/ HTTP/1.1" 200 151
[11/Sep/2026 08:29:37] "POST /api/chat/ HTTP/1.1" 200 1011
[11/Sep/2026 08:29:37] "OPTIONS /api/agent/sessions/ HTTP/1.1" 200 247
[11/Sep/2026 08:29:37] "GET /api/agent/sessions/ HTTP/1.1" 200 6432
[11/Sep/2026 08:29:41] "POST /api/chat/ HTTP/1.1" 200 424213
[11/Sep/2026 08:29:41] "GET /api/agent/sessions/ HTTP/1.1" 200 6440
[11/Sep/2026 08:30:49] "OPTIONS /api/health/ HTTP/1.1" 200 153
[11/Sep/2026 08:30:49] "OPTIONS /api/miso/subscription-key/ HTTP/1.1" 200 166
[11/Sep/2026 08:30:49] "GET /api/miso/subscription-key/ HTTP/1.1" 200 223
[11/Sep/2026 08:30:49] "GET /api/health/ HTTP/1.1" 200 59
[11/Sep/2026 08:30:56] "OPTIONS /api/chat/ HTTP/1.1" 200 151
[11/Sep/2026 08:31:12] "POST /api/chat/ HTTP/1.1" 200 1445
[11/Sep/2026 08:31:12] "OPTIONS /api/agent/sessions/ HTTP/1.1" 200 247
[11/Sep/2026 08:31:12] "GET /api/agent/sessions/ HTTP/1.1" 200 6425
[11/Sep/2026 08:31:57] "OPTIONS /api/chat/ HTTP/1.1" 200 151
[11/Sep/2026 08:31:58] "POST /api/chat/ HTTP/1.1" 200 5440
[11/Sep/2026 08:31:58] "OPTIONS /api/agent/sessions/ HTTP/1.1" 200 247
[11/Sep/2026 08:31:58] "GET /api/agent/sessions/ HTTP/1.1" 200 6419
[11/Sep/2026 08:32:07] "OPTIONS /api/chat/ HTTP/1.1" 200 151
[11/Sep/2026 08:32:08] "POST /api/chat/ HTTP/1.1" 200 5440
[11/Sep/2026 08:32:08] "OPTIONS /api/agent/sessions/ HTTP/1.1" 200 247
[11/Sep/2026 08:32:08] "GET /api/agent/sessions/ HTTP/1.1" 200 6412
[11/Sep/2026 08:32:30] "OPTIONS /api/chat/ HTTP/1.1" 200 151
[11/Sep/2026 08:32:31] "POST /api/chat/ HTTP/1.1" 200 867
[11/Sep/2026 08:32:31] "OPTIONS /api/agent/sessions/ HTTP/1.1" 200 247
[11/Sep/2026 08:32:31] "GET /api/agent/sessions/ HTTP/1.1" 200 6445
[11/Sep/2026 08:33:51] "OPTIONS /api/chat/ HTTP/1.1" 200 151
[11/Sep/2026 08:33:52] "POST /api/chat/ HTTP/1.1" 200 1011
[11/Sep/2026 08:33:52] "OPTIONS /api/agent/sessions/ HTTP/1.1" 200 247
[11/Sep/2026 08:33:52] "GET /api/agent/sessions/ HTTP/1.1" 200 6438
C:\Projects\Circle City\mis-insight-2\miso-insight\backend\miso_agent\services\agent.py changed, reloading.
Watching for file changes with StatReloader
[11/Sep/2026 08:38:09] "OPTIONS /api/health/ HTTP/1.1" 200 153
[11/Sep/2026 08:38:09] "OPTIONS /api/miso/subscription-key/ HTTP/1.1" 200 166
[11/Sep/2026 08:38:09] "GET /api/health/ HTTP/1.1" 200 59
[11/Sep/2026 08:38:09] "GET /api/miso/subscription-key/ HTTP/1.1" 200 223
[11/Sep/2026 08:38:22] "OPTIONS /api/chat/ HTTP/1.1" 200 151
[11/Sep/2026 08:38:23] "POST /api/chat/ HTTP/1.1" 200 1047
[11/Sep/2026 08:38:23] "OPTIONS /api/agent/sessions/ HTTP/1.1" 200 247
[11/Sep/2026 08:38:23] "GET /api/agent/sessions/ HTTP/1.1" 200 6422
[11/Sep/2026 08:38:27] "POST /api/chat/ HTTP/1.1" 200 423560
[11/Sep/2026 08:38:27] "GET /api/agent/sessions/ HTTP/1.1" 200 6438
[11/Sep/2026 08:38:40] "OPTIONS /api/miso/subscription-key/ HTTP/1.1" 200 166
[11/Sep/2026 08:38:40] "OPTIONS /api/health/ HTTP/1.1" 200 153
[11/Sep/2026 08:38:40] "GET /api/miso/subscription-key/ HTTP/1.1" 200 223
[11/Sep/2026 08:38:40] "GET /api/health/ HTTP/1.1" 200 59
[11/Sep/2026 08:38:55] "OPTIONS /api/chat/ HTTP/1.1" 200 151
[11/Sep/2026 08:39:02] "POST /api/chat/ HTTP/1.1" 200 1074
[11/Sep/2026 08:39:02] "OPTIONS /api/agent/sessions/ HTTP/1.1" 200 247
[11/Sep/2026 08:39:02] "GET /api/agent/sessions/ HTTP/1.1" 200 6453
[11/Sep/2026 08:39:06] "OPTIONS /api/chat/ HTTP/1.1" 200 151
[11/Sep/2026 08:39:07] "POST /api/chat/ HTTP/1.1" 200 5404
[11/Sep/2026 08:39:07] "GET /api/agent/sessions/ HTTP/1.1" 200 6473
[11/Sep/2026 08:39:14] "OPTIONS /api/chat/ HTTP/1.1" 200 151
[11/Sep/2026 08:39:15] "POST /api/chat/ HTTP/1.1" 200 5404
[11/Sep/2026 08:39:15] "OPTIONS /api/agent/sessions/ HTTP/1.1" 200 247
[11/Sep/2026 08:39:15] "GET /api/agent/sessions/ HTTP/1.1" 200 6424
[11/Sep/2026 08:40:04] "OPTIONS /api/chat/ HTTP/1.1" 200 151
[11/Sep/2026 08:40:05] "POST /api/chat/ HTTP/1.1" 200 5404
[11/Sep/2026 08:40:05] "OPTIONS /api/agent/sessions/ HTTP/1.1" 200 247
[11/Sep/2026 08:40:05] "GET /api/agent/sessions/ HTTP/1.1" 200 6422
C:\Projects\Circle City\mis-insight-2\miso-insight\backend\miso_agent\services\resolver.py changed, reloading.
Watching for file changes with StatReloader
C:\Projects\Circle City\mis-insight-2\miso-insight\backend\miso_agent\services\resolver.py changed, reloading.
Watching for file changes with StatReloader
C:\Projects\Circle City\mis-insight-2\miso-insight\backend\miso_agent\services\agent.py changed, reloading.
Watching for file changes with StatReloader
C:\Projects\Circle City\mis-insight-2\miso-insight\backend\miso_agent\services\agent.py changed, reloading.
Watching for file changes with StatReloader
[11/Sep/2026 08:43:24] "OPTIONS /api/health/ HTTP/1.1" 200 153
[11/Sep/2026 08:43:24] "OPTIONS /api/miso/subscription-key/ HTTP/1.1" 200 166
[11/Sep/2026 08:43:24] "GET /api/health/ HTTP/1.1" 200 59
[11/Sep/2026 08:43:24] "GET /api/miso/subscription-key/ HTTP/1.1" 200 223
[11/Sep/2026 08:43:31] "OPTIONS /api/chat/ HTTP/1.1" 200 151
[11/Sep/2026 08:43:32] "POST /api/chat/ HTTP/1.1" 200 1074
[11/Sep/2026 08:43:32] "OPTIONS /api/agent/sessions/ HTTP/1.1" 200 247
[11/Sep/2026 08:43:32] "GET /api/agent/sessions/ HTTP/1.1" 200 6425
[11/Sep/2026 08:43:37] "POST /api/chat/ HTTP/1.1" 200 5394
[11/Sep/2026 08:43:37] "GET /api/agent/sessions/ HTTP/1.1" 200 6458
[11/Sep/2026 08:43:43] "OPTIONS /api/chat/ HTTP/1.1" 200 151
[11/Sep/2026 08:43:58] "POST /api/chat/ HTTP/1.1" 200 560
[11/Sep/2026 08:43:58] "OPTIONS /api/agent/sessions/ HTTP/1.1" 200 247
[11/Sep/2026 08:43:58] "GET /api/agent/sessions/ HTTP/1.1" 200 6408
[11/Sep/2026 08:44:23] "OPTIONS /api/chat/ HTTP/1.1" 200 151
[11/Sep/2026 08:44:25] "POST /api/chat/ HTTP/1.1" 200 1006
[11/Sep/2026 08:44:25] "OPTIONS /api/agent/sessions/ HTTP/1.1" 200 247
[11/Sep/2026 08:44:25] "GET /api/agent/sessions/ HTTP/1.1" 200 6408
[11/Sep/2026 08:44:40] "OPTIONS /api/chat/ HTTP/1.1" 200 151
[11/Sep/2026 08:44:41] "POST /api/chat/ HTTP/1.1" 200 5394
[11/Sep/2026 08:44:41] "OPTIONS /api/agent/sessions/ HTTP/1.1" 200 247
[11/Sep/2026 08:44:41] "GET /api/agent/sessions/ HTTP/1.1" 200 6430
C:\Projects\Circle City\mis-insight-2\miso-insight\backend\miso_agent\services\access_policy.py changed, reloading.
Watching for file changes with StatReloader
C:\Projects\Circle City\mis-insight-2\miso-insight\backend\miso_agent\services\resolver.py changed, reloading.
Watching for file changes with StatReloader
[11/Sep/2026 08:45:51] "OPTIONS /api/health/ HTTP/1.1" 200 153
[11/Sep/2026 08:45:51] "OPTIONS /api/miso/subscription-key/ HTTP/1.1" 200 166
[11/Sep/2026 08:45:51] "GET /api/health/ HTTP/1.1" 200 59
[11/Sep/2026 08:45:51] "GET /api/miso/subscription-key/ HTTP/1.1" 200 223
[11/Sep/2026 08:45:59] "OPTIONS /api/chat/ HTTP/1.1" 200 151
[11/Sep/2026 08:46:00] "POST /api/chat/ HTTP/1.1" 200 1074
[11/Sep/2026 08:46:00] "OPTIONS /api/agent/sessions/ HTTP/1.1" 200 247
[11/Sep/2026 08:46:00] "GET /api/agent/sessions/ HTTP/1.1" 200 6446
[11/Sep/2026 08:46:04] "POST /api/chat/ HTTP/1.1" 200 5394
[11/Sep/2026 08:46:04] "GET /api/agent/sessions/ HTTP/1.1" 200 6466
[11/Sep/2026 08:46:10] "OPTIONS /api/chat/ HTTP/1.1" 200 151
[11/Sep/2026 08:46:11] "POST /api/chat/ HTTP/1.1" 200 5394
[11/Sep/2026 08:46:11] "OPTIONS /api/agent/sessions/ HTTP/1.1" 200 247
[11/Sep/2026 08:46:11] "GET /api/agent/sessions/ HTTP/1.1" 200 6414
C:\Projects\Circle City\mis-insight-2\miso-insight\backend\miso_agent\services\resolver.py changed, reloading.
Watching for file changes with StatReloader
[11/Sep/2026 08:47:01] "OPTIONS /api/chat/ HTTP/1.1" 200 151
[11/Sep/2026 08:47:02] "POST /api/chat/ HTTP/1.1" 200 5400
[11/Sep/2026 08:47:02] "OPTIONS /api/agent/sessions/ HTTP/1.1" 200 247
[11/Sep/2026 08:47:02] "GET /api/agent/sessions/ HTTP/1.1" 200 6427
C:\Projects\Circle City\mis-insight-2\miso-insight\backend\miso_agent\services\resolver.py changed, reloading.
Watching for file changes with StatReloader
[11/Sep/2026 08:47:29] "OPTIONS /api/health/ HTTP/1.1" 200 153
[11/Sep/2026 08:47:29] "OPTIONS /api/miso/subscription-key/ HTTP/1.1" 200 166
[11/Sep/2026 08:47:29] "GET /api/miso/subscription-key/ HTTP/1.1" 200 223
[11/Sep/2026 08:47:29] "GET /api/health/ HTTP/1.1" 200 59
[11/Sep/2026 08:47:33] "OPTIONS /api/chat/ HTTP/1.1" 200 151
[11/Sep/2026 08:47:34] "POST /api/chat/ HTTP/1.1" 200 560
[11/Sep/2026 08:47:34] "OPTIONS /api/agent/sessions/ HTTP/1.1" 200 247
[11/Sep/2026 08:47:34] "GET /api/agent/sessions/ HTTP/1.1" 200 6389
C:\Projects\Circle City\mis-insight-2\miso-insight\backend\miso_agent\services\resolver.py changed, reloading.
Watching for file changes with StatReloader
[11/Sep/2026 08:48:21] "OPTIONS /api/chat/ HTTP/1.1" 200 151
[11/Sep/2026 08:48:22] "POST /api/chat/ HTTP/1.1" 200 1074
[11/Sep/2026 08:48:22] "OPTIONS /api/agent/sessions/ HTTP/1.1" 200 247
[11/Sep/2026 08:48:22] "GET /api/agent/sessions/ HTTP/1.1" 200 6407
[11/Sep/2026 08:48:45] "OPTIONS /api/chat/ HTTP/1.1" 200 151
[11/Sep/2026 08:48:46] "POST /api/chat/ HTTP/1.1" 200 5400
[11/Sep/2026 08:48:46] "OPTIONS /api/agent/sessions/ HTTP/1.1" 200 247
[11/Sep/2026 08:48:46] "GET /api/agent/sessions/ HTTP/1.1" 200 6436
[11/Sep/2026 08:49:11] "OPTIONS /api/chat/ HTTP/1.1" 200 151
[11/Sep/2026 08:49:12] "POST /api/chat/ HTTP/1.1" 200 1048
[11/Sep/2026 08:49:12] "OPTIONS /api/agent/sessions/ HTTP/1.1" 200 247
[11/Sep/2026 08:49:12] "GET /api/agent/sessions/ HTTP/1.1" 200 6408
C:\Projects\Circle City\mis-insight-2\miso-insight\backend\miso_agent\services\access_policy.py changed, reloading.
Watching for file changes with StatReloader
C:\Projects\Circle City\mis-insight-2\miso-insight\backend\miso_agent\services\resolver.py changed, reloading.
Watching for file changes with StatReloader
C:\Projects\Circle City\mis-insight-2\miso-insight\backend\miso_agent\services\tariff_grounding.py changed, reloading.
Watching for file changes with StatReloader
[11/Sep/2026 08:52:04] "OPTIONS /api/miso/subscription-key/ HTTP/1.1" 200 166
[11/Sep/2026 08:52:04] "OPTIONS /api/health/ HTTP/1.1" 200 153
[11/Sep/2026 08:52:04] "GET /api/health/ HTTP/1.1" 200 59
[11/Sep/2026 08:52:04] "GET /api/miso/subscription-key/ HTTP/1.1" 200 223
[11/Sep/2026 08:52:11] "OPTIONS /api/chat/ HTTP/1.1" 200 151
[11/Sep/2026 08:52:12] "POST /api/chat/ HTTP/1.1" 200 5400
[11/Sep/2026 08:52:12] "OPTIONS /api/agent/sessions/ HTTP/1.1" 200 247
[11/Sep/2026 08:52:12] "GET /api/agent/sessions/ HTTP/1.1" 200 6392
[11/Sep/2026 08:52:23] "OPTIONS /api/chat/ HTTP/1.1" 200 151
[11/Sep/2026 08:52:39] "POST /api/chat/ HTTP/1.1" 200 815
[11/Sep/2026 08:52:39] "OPTIONS /api/agent/sessions/ HTTP/1.1" 200 247
[11/Sep/2026 08:52:39] "GET /api/agent/sessions/ HTTP/1.1" 200 6392
C:\Projects\Circle City\mis-insight-2\miso-insight\backend\miso_agent\services\access_policy.py changed, reloading.
Watching for file changes with StatReloader
C:\Projects\Circle City\mis-insight-2\miso-insight\backend\miso_agent\services\resolver.py changed, reloading.
Watching for file changes with StatReloader
C:\Projects\Circle City\mis-insight-2\miso-insight\backend\miso_backend\settings.py changed, reloading.
Watching for file changes with StatReloader
[11/Sep/2026 08:56:36] "OPTIONS /api/health/ HTTP/1.1" 200 153
[11/Sep/2026 08:56:36] "OPTIONS /api/miso/subscription-key/ HTTP/1.1" 200 166
[11/Sep/2026 08:56:36] "GET /api/health/ HTTP/1.1" 200 59
[11/Sep/2026 08:56:36] "GET /api/miso/subscription-key/ HTTP/1.1" 200 223
[11/Sep/2026 08:56:38] "OPTIONS /api/chat/ HTTP/1.1" 200 151
[11/Sep/2026 08:56:39] "POST /api/chat/ HTTP/1.1" 200 992
[11/Sep/2026 08:56:39] "OPTIONS /api/agent/sessions/ HTTP/1.1" 200 247
[11/Sep/2026 08:56:39] "GET /api/agent/sessions/ HTTP/1.1" 200 6345
[11/Sep/2026 08:56:44] "OPTIONS /api/chat/ HTTP/1.1" 200 151
[11/Sep/2026 08:56:59] "POST /api/chat/ HTTP/1.1" 200 586
[11/Sep/2026 08:56:59] "OPTIONS /api/agent/sessions/ HTTP/1.1" 200 247
[11/Sep/2026 08:56:59] "GET /api/agent/sessions/ HTTP/1.1" 200 6351
[11/Sep/2026 08:57:41] "OPTIONS /api/chat/ HTTP/1.1" 200 151
[11/Sep/2026 08:57:42] "POST /api/chat/ HTTP/1.1" 200 560
[11/Sep/2026 08:57:42] "OPTIONS /api/agent/sessions/ HTTP/1.1" 200 247
[11/Sep/2026 08:57:42] "GET /api/agent/sessions/ HTTP/1.1" 200 6351
[11/Sep/2026 08:58:12] "GET /api/health/ HTTP/1.1" 200 59
[11/Sep/2026 08:58:29] "OPTIONS /api/health/ HTTP/1.1" 200 153
[11/Sep/2026 08:58:29] "OPTIONS /api/miso/subscription-key/ HTTP/1.1" 200 166
[11/Sep/2026 08:58:29] "GET /api/health/ HTTP/1.1" 200 59
[11/Sep/2026 08:58:29] "GET /api/miso/subscription-key/ HTTP/1.1" 200 223
[11/Sep/2026 08:58:34] "OPTIONS /api/chat/ HTTP/1.1" 200 151
[11/Sep/2026 08:58:35] "POST /api/chat/ HTTP/1.1" 200 1127
[11/Sep/2026 08:58:35] "OPTIONS /api/agent/sessions/ HTTP/1.1" 200 247
[11/Sep/2026 08:58:35] "GET /api/agent/sessions/ HTTP/1.1" 200 6349
[11/Sep/2026 08:58:39] "OPTIONS /api/chat/ HTTP/1.1" 200 151
[11/Sep/2026 08:58:54] "POST /api/chat/ HTTP/1.1" 200 586
[11/Sep/2026 08:58:54] "OPTIONS /api/agent/sessions/ HTTP/1.1" 200 247
[11/Sep/2026 08:58:54] "GET /api/agent/sessions/ HTTP/1.1" 200 6348
[11/Sep/2026 08:59:01] "OPTIONS /api/chat/ HTTP/1.1" 200 151
[11/Sep/2026 08:59:02] "POST /api/chat/ HTTP/1.1" 200 1000
[11/Sep/2026 08:59:02] "OPTIONS /api/agent/sessions/ HTTP/1.1" 200 247
[11/Sep/2026 08:59:02] "GET /api/agent/sessions/ HTTP/1.1" 200 6348
[11/Sep/2026 08:59:18] "OPTIONS /api/chat/ HTTP/1.1" 200 151
[11/Sep/2026 08:59:33] "POST /api/chat/ HTTP/1.1" 200 1074
[11/Sep/2026 08:59:33] "OPTIONS /api/agent/sessions/ HTTP/1.1" 200 247
[11/Sep/2026 08:59:33] "GET /api/agent/sessions/ HTTP/1.1" 200 6390
[11/Sep/2026 08:59:38] "OPTIONS /api/chat/ HTTP/1.1" 200 151
[11/Sep/2026 08:59:39] "POST /api/chat/ HTTP/1.1" 200 5399
[11/Sep/2026 08:59:39] "OPTIONS /api/agent/sessions/ HTTP/1.1" 200 247
[11/Sep/2026 08:59:39] "GET /api/agent/sessions/ HTTP/1.1" 200 6400
[11/Sep/2026 08:59:55] "OPTIONS /api/chat/ HTTP/1.1" 200 151
[11/Sep/2026 08:59:56] "POST /api/chat/ HTTP/1.1" 200 5399
[11/Sep/2026 08:59:56] "OPTIONS /api/agent/sessions/ HTTP/1.1" 200 247
[11/Sep/2026 08:59:56] "GET /api/agent/sessions/ HTTP/1.1" 200 6373
[11/Sep/2026 09:00:29] "OPTIONS /api/health/ HTTP/1.1" 200 153
[11/Sep/2026 09:00:29] "OPTIONS /api/miso/subscription-key/ HTTP/1.1" 200 166
[11/Sep/2026 09:00:29] "GET /api/miso/subscription-key/ HTTP/1.1" 200 223
[11/Sep/2026 09:00:29] "GET /api/health/ HTTP/1.1" 200 59
[11/Sep/2026 09:00:35] "POST /api/chat/ HTTP/1.1" 200 5399
[11/Sep/2026 09:00:52] "POST /api/chat/ HTTP/1.1" 200 5399
[11/Sep/2026 09:01:29] "POST /api/chat/ HTTP/1.1" 200 1241
[11/Sep/2026 09:03:37] "OPTIONS /api/chat/ HTTP/1.1" 200 151
[11/Sep/2026 09:03:52] "POST /api/chat/ HTTP/1.1" 200 5410
[11/Sep/2026 09:03:52] "OPTIONS /api/agent/sessions/ HTTP/1.1" 200 247
[11/Sep/2026 09:03:52] "GET /api/agent/sessions/ HTTP/1.1" 200 6365
[11/Sep/2026 09:04:04] "OPTIONS /api/chat/ HTTP/1.1" 200 151
[11/Sep/2026 09:04:19] "POST /api/chat/ HTTP/1.1" 200 5410
[11/Sep/2026 09:04:19] "OPTIONS /api/agent/sessions/ HTTP/1.1" 200 247
[11/Sep/2026 09:04:19] "GET /api/agent/sessions/ HTTP/1.1" 200 6382
[11/Sep/2026 09:04:54] "POST /api/chat/ HTTP/1.1" 200 5410
C:\Projects\Circle City\mis-insight-2\miso-insight\backend\miso_agent\services\access_policy.py changed, reloading.
Watching for file changes with StatReloader
C:\Projects\Circle City\mis-insight-2\miso-insight\backend\miso_agent\services\resolver.py changed, reloading.
Watching for file changes with StatReloader
[11/Sep/2026 09:05:21] "OPTIONS /api/chat/ HTTP/1.1" 200 151
C:\Projects\Circle City\mis-insight-2\miso-insight\backend\miso_agent\services\tariff_grounding.py changed, reloading.
Watching for file changes with StatReloader
